CNES;NOMEUBS;STS;CRS;PERC_ESF;EAB;AREA_KM2;PERIMETRO;POP_2010;DOM_PP_2010;DENS_DEMOG;DENS_DOMIC;imoveis_resid_CNEFE2020;imoveis_total_CNEFE2020;unidhab_conjhabpop;dom_cortico;pop_cortico;dom_favela;dom_nucleohab;dom_terrenoocup
3913007;CS ESCOLA BARRA FUNDA - ALEXANDRE VRANJAC;SANTA CECILIA;CENTRO;100;ESF_EXCLUSIVA;6,86;15,07;28793;11325;4199,90;2,54;21698;24955;206;40;613;70;282;144
2029618;UBS BOM RETIRO - OCTAVIO AUGUSTO RODOVALHO;SANTA CECILIA;CENTRO;100;ESF_EXCLUSIVA;3,18;8,56;26386;8507;8307,14;3,10;10001;15843;159;123;848;1;0;104
6048633;UBS BORACEA;SANTA CECILIA;CENTRO;100;ESF_EXCLUSIVA;1,43;10,32;19284;7291;13454,96;2,64;8114;9683;486;79;644;374;0;619
2752336;UBS DR HUMBERTO PASCALE SANTA CECILIA;SANTA CECILIA;CENTRO;12,8;ESF_MISTA;4,58;10,82;93248;40999;20347,91;2,27;49626;54195;0;84;1074;0;0;467
2786834;UBS CAMBUCI;SE;CENTRO;40,4;ESF_MISTA;5,42;13,93;77682;29067;14331,06;2,67;33386;38490;15;128;1321;88;0;102
2787113;UBS HUMAITA;SE;CENTRO;41,5;ESF_MISTA;2,31;8,51;46876;20480;20256,96;2,29;26257;30057;0;240;3321;0;3;72
2788144;UBS NOSSA S DO BRASIL  - ARMANDO DARIENZO;SE;CENTRO;43,5;ESF_MISTA;2,21;6,42;58283;27110;26428,46;2,15;35401;38648;0;93;1120;0;0;91
6090621;UBS REPUBLICA;SE;CENTRO;100;ESF_EXCLUSIVA;2,30;7,08;50917;23086;22090,54;2,21;28121;34907;407;33;200;0;0;4541
5975220;UBS SE;SE;CENTRO;85,6;ESF_MISTA;3,35;13,61;41770;15695;12481,95;2,66;16566;22033;21;212;1681;0;1;141
4050177;AMA/UBS INTEGRADA CASTRO ALVES;CIDADE TIRADENTES;LESTE;100;ESF_EXCLUSIVA;1,41;6,88;18465;5219;13141,36;3,54;5268;5694;1571; - ; - ;189;0;0
3738663;AMA/UBS INTEGRADA FAZENDA DO CARMO;CIDADE TIRADENTES;LESTE;0;TRADICIONAL;3,86;10,51;32703;9545;8466,57;3,43;11453;12068;0; - ; - ;385;60;0
2786788;UBS BARRO BRANCO;CIDADE TIRADENTES;LESTE;100;ESF_EXCLUSIVA;0,71;4,75;11253;2914;15878,77;3,86;3329;3595;260; - ; - ;22;0;0
4050347;UBS CARLOS GENTILE DE MELO;CIDADE TIRADENTES;LESTE;100;ESF_EXCLUSIVA;1,03;5,02;30001;8733;29013,65;3,44;8464;9077;4459; - ; - ;846;0;0
2774771;UBS CIDADE TIRADENTES I;CIDADE TIRADENTES;LESTE;0;TRADICIONAL;1,18;8,06;18475;5446;15684,76;3,39;5906;6512;2534; - ; - ;74;0;0
2786974;UBS DOM ANGELICO;CIDADE TIRADENTES;LESTE;100;ESF_EXCLUSIVA;0,54;5,89;9056;2446;16907,15;3,70;2548;2888;0; - ; - ;30;0;0
2787059;UBS FERROVIARIOS;CIDADE TIRADENTES;LESTE;100;ESF_EXCLUSIVA;1,40;6,54;12447;3807;8915,68;3,27;3693;3834;937; - ; - ;0;0;0
3121135;UBS GRAFICOS;CIDADE TIRADENTES;LESTE;100;ESF_EXCLUSIVA;1,14;8,40;8001;2235;7025,99;3,58;3002;3247;628; - ; - ;536;0;0
3661660;UBS INACIO MONTEIRO;CIDADE TIRADENTES;LESTE;100;ESF_EXCLUSIVA;3,29;11,79;21945;6327;6665,50;3,47;5714;6141;541; - ; - ;787;60;0
2787954;UBS JARDIM VITORIA;CIDADE TIRADENTES;LESTE;100;ESF_EXCLUSIVA;0,85;5,06;8039;2173;9463,93;3,70;2567;2843;0; - ; - ;0;0;0
9618694;UBS NASCER DO SOL;CIDADE TIRADENTES;LESTE;0;TRADICIONAL;1,68;7,53;21934;6644;13070,24;3,30;7154;7671;6365; - ; - ;169;0;0
4049969;UBS PREFEITO PRESTES MAIA;CIDADE TIRADENTES;LESTE;0;TRADICIONAL;1,61;5,88;23780;6665;14749,10;3,57;7350;7765;1666; - ; - ;150;300;0
2027305;UBS PROFETA JEREMIAS;CIDADE TIRADENTES;LESTE;100;ESF_EXCLUSIVA;0,56;4,29;11187;3313;19910,32;3,38;3798;4163;3155; - ; - ;105;0;0
2752247;AMA/UBS INTEGRADA HUMBERTO CERRUTI;ERMELINO MATARAZZO;LESTE;100;ESF_EXCLUSIVA;1,37;7,43;20931;6339;15324,49;3,30;6892;7749;0; - ; - ;573;20;0
4049993;AMA/UBS INTEGRADA JARDIM POPULAR DR. MATHEUS SANTAMARIA;ERMELINO MATARAZZO;LESTE;0;TRADICIONAL;0,96;4,68;10605;3295;11058,00;3,22;3491;4077;0; - ; - ;0;0;0
2774828;AMA/UBS INTEGRADA JARDIM TR?S MARIAS MAURICIO ZAMIJOVSKY;ERMELINO MATARAZZO;LESTE;100;ESF_EXCLUSIVA;0,97;5,05;13744;4140;14214,98;3,32;4495;5240;0; - ; - ;50;63;0
2751836;AMB ESPEC VILA PARANAGUA/CEO;ERMELINO MATARAZZO;LESTE;0;TRADICIONAL;1,15;4,57;13317;4148;11609,14;3,21;4523;5297;0; - ; - ;12;50;0
2752190;UBS BURGO PAULISTA;ERMELINO MATARAZZO;LESTE;0;TRADICIONAL;0,82;4,64;12157;3699;14913,45;3,29;3976;4528;0; - ; - ;0;105;0
2786958;UBS COSTA MELO;ERMELINO MATARAZZO;LESTE;100;ESF_EXCLUSIVA;1,68;7,46;24451;7624;14516,86;3,21;8417;9395;0; - ; - ;117;0;0
2065266;UBS ERMELINO MATARAZZO;ERMELINO MATARAZZO;LESTE;100;ESF_EXCLUSIVA;1,99;7,40;26386;7754;13257,86;3,40;8043;9251;33; - ; - ;642;77;0
2787547;UBS JARDIM KERALUX;ERMELINO MATARAZZO;LESTE;30,7;ESF_MISTA;1,93;8,64;8941;2608;4639,18;3,43;2460;2691;0; - ; - ;600;0;0
2787687;UBS JARDIM PENHA;ERMELINO MATARAZZO;LESTE;0;TRADICIONAL;0,75;4,39;10015;3124;13399,16;3,21;3302;3838;0; - ; - ;120;0;0
4050002;UBS PEDRO DE SOUZA CAMPOS;ERMELINO MATARAZZO;LESTE;100;ESF_EXCLUSIVA;1,66;6,41;23042;6895;13863,01;3,34;7692;8551;0; - ; - ;1224;42;0
2064820;UBS PONTE RASA - DR CARLOS OLIVALDO S L MUNIZ;ERMELINO MATARAZZO;LESTE;0;TRADICIONAL;1,72;7,55;28691;8537;16708,73;3,36;9414;10492;0; - ; - ;830;64;0
2079070;UBS VILA CISPER;ERMELINO MATARAZZO;LESTE;100;ESF_EXCLUSIVA;1,40;6,57;25311;7566;18127,56;3,35;8000;8670;0; - ; - ;544;379;0
2787377;AMA/UBS INTEGRADA JARDIM ETELVINA;GUAIANASES;LESTE;0;TRADICIONAL;1,55;7,98;29821;8543;19197,12;3,49;9083;9714;314; - ; - ;1484;26;0
4050312;AMB ESPEC SAO CARLOS/CEO;GUAIANASES;LESTE;0;TRADICIONAL;1,65;7,60;15309;4425;9265,53;3,46;5439;5832;0; - ; - ;63;0;300
4050010;UBS GUAIANASES II;GUAIANASES;LESTE;0;TRADICIONAL;1,84;8,40;24358;7237;13222,46;3,37;7571;8705;0; - ; - ;75;8;0
2787083;UBS GUAIANAZES;GUAIANASES;LESTE;0;TRADICIONAL;0,75;5,35;8963;2655;11883,04;3,38;3195;3802;0; - ; - ;54;0;0
2787202;UBS JARDIM AURORA;GUAIANASES;LESTE;0;TRADICIONAL;1,13;6,81;20484;5723;18197,47;3,58;7420;7899;4; - ; - ;609;20;400
3016935;UBS JARDIM BANDEIRANTES;GUAIANASES;LESTE;100;ESF_EXCLUSIVA;0,30;3,35;6268;1764;20971,92;3,55;1841;2124;0; - ; - ;30;798;0
2787385;UBS JARDIM FANGANIELLO;GUAIANASES;LESTE;100;ESF_EXCLUSIVA;1,07;5,70;17702;4964;16540,33;3,57;6022;6610;0; - ; - ;424;202;0
2787717;UBS JARDIM ROBRU - GUAIANAZES;GUAIANASES;LESTE;0;TRADICIONAL;1,26;7,97;26214;7567;20811,20;3,46;8204;8754;759; - ; - ;682;108;0
4050045;UBS JARDIM SOARES;GUAIANASES;LESTE;100;ESF_EXCLUSIVA;2,05;8,10;33281;9739;16274,33;3,42;10349;11302;151; - ; - ;608;0;0
3002926;UBS PREFEITO CELSO AUGUSTO DANIEL;GUAIANASES;LESTE;100;ESF_EXCLUSIVA;1,23;6,64;19283;5623;15701,94;3,43;7434;7947;2647; - ; - ;214;38;0
2766019;UBS PRIMEIRO DE OUTUBRO;GUAIANASES;LESTE;100;ESF_EXCLUSIVA;1,14;6,05;22554;6230;19739,72;3,62;7618;8200;1484; - ; - ;575;0;372
2788624;UBS SANTA LUZIA;GUAIANASES;LESTE;100;ESF_EXCLUSIVA;0,33;2,74;6841;1858;20797,83;3,68;2767;2979;366; - ; - ;17;0;0
2788780;UBS VILA CHABIL?NDIA;GUAIANASES;LESTE;0;TRADICIONAL;1,24;6,83;19105;5521;15368,51;3,46;6686;7444;0; - ; - ;2;0;0
2789310;UBS VILA COSMOPOLITA;GUAIANASES;LESTE;100;ESF_EXCLUSIVA;0,65;4,82;9808;3046;15107,00;3,22;4245;4520;0; - ; - ;0;0;0
2787350;AMA/UBS INTEGRADA JARDIM DAS OLIVEIRAS;ITAIM PAULISTA;LESTE;100;ESF_EXCLUSIVA;2,20;7,54;31478;8986;14291,00;3,50;9880;10930;769; - ; - ;1450;0;0
6269567;UBS ATUALPA GIRAO RABELO;ITAIM PAULISTA;LESTE;34;ESF_MISTA;1,04;8,04;23562;7075;22619,60;3,33;6504;7082;119; - ; - ;100;101;0
2057131;UBS CIDADE KEMEL;ITAIM PAULISTA;LESTE;100;ESF_EXCLUSIVA;0,93;5,06;16966;4749;18301,86;3,57;4695;5330;0; - ; - ;302;0;0
2786982;UBS DOM JOAO NERY;ITAIM PAULISTA;LESTE;100;ESF_EXCLUSIVA;1,22;6,52;21977;6246;18029,15;3,52;6948;7422;1017; - ; - ;12;416;0
9488413;UBS ENCOSTA NORTE;ITAIM PAULISTA;LESTE;100;ESF_EXCLUSIVA;1,44;7,30;32056;8924;22268,47;3,59;9313;9982;0; - ; - ;1128;215;0
2027526;UBS INTEGRAL JARDIM NELIA;ITAIM PAULISTA;LESTE;100;ESF_EXCLUSIVA;1,54;6,90;35770;10058;23204,47;3,56;11341;11830;752; - ; - ;807;60;32
2046261;UBS ITAIM PAULISTA JULIO DE GOUVEIA;ITAIM PAULISTA;LESTE;0;TRADICIONAL;2,19;8,34;27133;8073;12399,28;3,36;8324;10342;0; - ; - ;11;0;0
2787970;UBS JARAGUA;ITAIM PAULISTA;LESTE;100;ESF_EXCLUSIVA;0,82;5,59;15042;4366;18319,39;3,45;4540;4986;0; - ; - ;869;0;0
2057271;UBS JARDIM CAMARGO NOVO;ITAIM PAULISTA;LESTE;0;TRADICIONAL;1,70;8,61;31459;9178;18558,61;3,43;9994;10954;0; - ; - ;524;141;0
2787237;UBS JARDIM CAMPOS;ITAIM PAULISTA;LESTE;100;ESF_EXCLUSIVA;0,94;5,19;19072;5381;20228,18;3,54;5450;5885;662; - ; - ;506;789;0
2787989;UBS JARDIM INDAIA;ITAIM PAULISTA;LESTE;100;ESF_EXCLUSIVA;0,66;5,57;14383;4048;21953,74;3,55;5123;5387;0; - ; - ;394;100;0
2787725;UBS JARDIM ROBRU - ITAIM;ITAIM PAULISTA;LESTE;100;ESF_EXCLUSIVA;0,98;6,04;17401;4993;17830,47;3,48;5132;5713;0; - ; - ;242;160;0
2787849;UBS JARDIM SILVA TELLES;ITAIM PAULISTA;LESTE;100;ESF_EXCLUSIVA;1,07;5,38;15859;4630;14785,15;3,43;4713;5433;0; - ; - ;233;32;0
2788446;UBS PARQUE SANTA RITA;ITAIM PAULISTA;LESTE;100;ESF_EXCLUSIVA;1,14;5,49;21191;6201;18524,97;3,42;7454;7991;9; - ; - ;1174;7;0
2788802;UBS VILA CURU€A;ITAIM PAULISTA;LESTE;100;ESF_EXCLUSIVA;1,81;6,70;21245;6477;11741,72;3,28;8209;9209;35; - ; - ;4;0;0
4050207;UBS VILA NOVA CURU€A;ITAIM PAULISTA;LESTE;100;ESF_EXCLUSIVA;1,54;6,21;24666;7230;16065,66;3,41;8782;9607;0; - ; - ;263;0;0
6408168;AMA/UBS INTEGRADA AGUIA DE HAIA;ITAQUERA;LESTE;0;TRADICIONAL;1,22;6,41;20543;5778;16802,17;3,56;6530;7321;128; - ; - ;1329;0;73
2786907;AMA/UBS INTEGRADA CIDADE LIDER I;ITAQUERA;LESTE;100;ESF_EXCLUSIVA;2,19;7,46;27681;8074;12642,00;3,43;8528;9535;0; - ; - ;2575;0;0
4050088;AMA/UBS INTEGRADA JARDIM BRASILIA;ITAQUERA;LESTE;0;TRADICIONAL;1,94;8,42;23921;7100;12326,60;3,37;8821;9790;300; - ; - ;178;7;0
2026996;AMA/UBS INTEGRADA JOSE BONIFACIO I;ITAQUERA;LESTE;0;TRADICIONAL;0,88;4,92;14521;4213;16518,32;3,45;4877;5438;775; - ; - ;18;35;0
4050142;AMA/UBS INTEGRADA JOSE BONIFACIO III - DRA. LUCY MAYUMI UDA*;ITAQUERA;LESTE;0;TRADICIONAL;1,16;6,24;28906;9118;24898,40;3,17;9826;10628;6823; - ; - ;173;40;0
2788179;AMA/UBS INTEGRADA PARADA  XV DE NOVEMBRO;ITAQUERA;LESTE;0;TRADICIONAL;1,37;5,40;20472;6231;14938,02;3,29;7193;8094;134; - ; - ;14;0;0
2788772;AMA/UBS INTEGRADA VILA CARMOSINA;ITAQUERA;LESTE;0;TRADICIONAL;6,20;23,71;26652;7948;4297,70;3,35;14072;15071;326; - ; - ;425;0;0
2752271;AMA/UBS INTEGRADA VILA ITAPEMA;ITAQUERA;LESTE;0;TRADICIONAL;1,37;6,38;12165;3717;8856,08;3,27;4522;5103;0; - ; - ;33;0;0
2787075;UBS GLEBA DO PESSEGO;ITAQUERA;LESTE;100;ESF_EXCLUSIVA;3,52;13,49;8596;2357;2440,66;3,65;2592;2886;0; - ; - ;23;0;0
2752255;UBS ITAQUERA;ITAQUERA;LESTE;0;TRADICIONAL;3,02;10,40;18445;5461;6107,44;3,38;5609;6840;888; - ; - ;288;45;0
2774798;UBS JARDIM COPA;ITAQUERA;LESTE;100;ESF_EXCLUSIVA;1,73;6,26;16357;5009;9428,23;3,27;6422;7083;120; - ; - ;396;19;0
2787431;UBS JARDIM HELIAN;ITAQUERA;LESTE;100;ESF_EXCLUSIVA;1,77;6,70;6200;1764;3510,26;3,51;2367;2657;0; - ; - ;309;0;0
2027054;UBS JARDIM MARILIA;ITAQUERA;LESTE;0;TRADICIONAL;1,88;7,59;25379;7454;13492,07;3,40;8724;9842;0; - ; - ;0;0;0
4050134;UBS JARDIM NOSSA SENHORA DO CARMO;ITAQUERA;LESTE;100;ESF_EXCLUSIVA;9,46;17,89;27086;8004;2862,39;3,38;8308;9437;0; - ; - ;1531;40;0
2086808;UBS JARDIM SANTA MARIA;ITAQUERA;LESTE;100;ESF_EXCLUSIVA;1,31;5,61;22639;6680;17273,79;3,39;6574;7343;0; - ; - ;1036;0;0
2787865;UBS JARDIM SANTA TEREZINHA;ITAQUERA;LESTE;100;ESF_EXCLUSIVA;2,00;6,79;16252;4961;8143,68;3,28;7364;7882;0; - ; - ;217;394;8
4049942;UBS JARDIM SAO PEDRO - FRANCISCO ANTONIO CESARONI;ITAQUERA;LESTE;0;TRADICIONAL;1,59;5,52;33362;10117;20927,86;3,30;11894;12654;5236; - ; - ;287;71;0
4049950;UBS JOSE BONIFACIO II;ITAQUERA;LESTE;0;TRADICIONAL;1,21;5,25;22570;7210;18623,08;3,13;7860;8505;6057; - ; - ;80;0;0
3004341;UBS SANTO ESTEVAO (CARMOSINA);ITAQUERA;LESTE;100;ESF_EXCLUSIVA;1,16;6,35;13289;4114;11440,28;3,23;5318;6016;0; - ; - ;197;0;0
9460551;UBS URSI CONJUNTO AE CARVALHO;ITAQUERA;LESTE;0;TRADICIONAL;0,17;1,82;5155;1421;30802,27;3,63;1354;1430;0; - ; - ;0;0;0
2789094;UBS VILA NOSSA SENHORA APARECIDA;ITAQUERA;LESTE;0;TRADICIONAL;1,50;5,26;21798;6690;14559,14;3,26;9044;9804;1275; - ; - ;0;0;0
4050126;UBS VILA RAMOS - DR. LUIS AUGUSTO DE CAMPOS;ITAQUERA;LESTE;100;ESF_EXCLUSIVA;1,32;6,52;26305;7237;19902,49;3,63;8204;9259;0; - ; - ;855;39;7
4050029;UBS VILA REGINA;ITAQUERA;LESTE;0;TRADICIONAL;1,16;5,93;20743;5975;17880,17;3,47;6627;7231;0; - ; - ;118;3;0
4050215;UBS VILA SANTANA;ITAQUERA;LESTE;34,2;ESF_MISTA;2,57;7,54;38802;11700;15126,72;3,32;14205;15598;37; - ; - ;330;0;0
3738647;AMA/UBS INTEGRADA JARDIM DA CONQUISTA III;SAO MATEUS;LESTE;100;ESF_EXCLUSIVA;0,55;4,36;15594;4288;28334,62;3,64;4498;4958;106; - ; - ;0;0;0
2787342;AMA/UBS INTEGRADA JARDIM DAS LARANJEIRAS;SAO MATEUS;LESTE;0;TRADICIONAL;6,01;20,09;14132;4014;2349,68;3,52;5301;5965;57; - ; - ;1972;0;0
2787873;AMA/UBS INTEGRADA JARDIM SANTO ANDRE;SAO MATEUS;LESTE;0;TRADICIONAL;4,43;10,50;35566;9746;8031,15;3,65;9927;10902;352; - ; - ;1378;3374;0
2788527;AMA/UBS INTEGRADA JARDIM SAO FRANCISCO II;SAO MATEUS;LESTE;100;ESF_EXCLUSIVA;1,71;6,72;16686;4519;9736,72;3,69;4524;4832;2760; - ; - ;937;2472;0
2787881;AMA/UBS INTEGRADA JARDIM TIETE I;SAO MATEUS;LESTE;100;ESF_EXCLUSIVA;1,11;5,78;20516;6070;18463,25;3,38;6436;7175;174; - ; - ;77;38;0
2027011;UBS CARRAOZINHO;SAO MATEUS;LESTE;100;ESF_EXCLUSIVA;0,68;5,83;10217;2980;15136,84;3,43;3166;3642;0; - ; - ;11;143;0
3219887;UBS CDHU PALANQUE;SAO MATEUS;LESTE;100;ESF_EXCLUSIVA;2,06;8,76;11744;3444;5695,48;3,41;3355;3603;0; - ; - ;95;0;0
4050037;UBS COLORADO;SAO MATEUS;LESTE;0;TRADICIONAL;1,76;7,64;24343;7226;13854,92;3,37;7656;8755;0; - ; - ;744;818;0
2787296;UBS JARDIM COLONIAL;SAO MATEUS;LESTE;0;TRADICIONAL;1,70;6,54;20177;5961;11835,01;3,38;6801;7660;0; - ; - ;1070;0;400
2786931;UBS JARDIM DA CONQUISTA I;SAO MATEUS;LESTE;100;ESF_EXCLUSIVA;0,77;4,40;16510;4519;21319,23;3,65;5077;5537;0; - ; - ;55;0;0
3219771;UBS JARDIM DA CONQUISTA II;SAO MATEUS;LESTE;100;ESF_EXCLUSIVA;0,70;4,96;16202;4472;23056,92;3,62;4066;4370;0; - ; - ;0;0;0
2787482;UBS JARDIM IV CENTENARIO;SAO MATEUS;LESTE;0;TRADICIONAL;1,64;5,49;19082;5823;11658,25;3,28;6510;7590;0; - ; - ;96;65;0
2788152;UBS JARDIM NOVE DE JULHO;SAO MATEUS;LESTE;100;ESF_EXCLUSIVA;1,03;5,30;13580;4065;13138,90;3,34;4321;4833;180; - ; - ;467;880;0
2027046;UBS JARDIM PARAGUA€U;SAO MATEUS;LESTE;0;TRADICIONAL;0,61;4,58;11028;3282;18089,17;3,36;3634;4076;0; - ; - ;290;0;0
2787741;UBS JARDIM ROSELI;SAO MATEUS;LESTE;0;TRADICIONAL;3,97;15,05;28719;8090;7232,35;3,55;10210;11675;0; - ; - ;513;0;0
2752298;UBS JARDIM TIETE II;SAO MATEUS;LESTE;100;ESF_EXCLUSIVA;0,70;4,68;8665;2615;12307,43;3,31;3356;3711;198; - ; - ;0;254;0
2788276;UBS PARQUE BOA ESPERAN€A;SAO MATEUS;LESTE;0;TRADICIONAL;2,10;7,18;24087;7153;11463,76;3,37;8487;9500;40; - ; - ;867;9;48
4049853;UBS PARQUE SAO RAFAEL;SAO MATEUS;LESTE;0;TRADICIONAL;2,12;6,91;26911;7842;12722,70;3,43;8988;10098;0; - ; - ;206;30;0
2788489;UBS RECANTO VERDE SOL;SAO MATEUS;LESTE;100;ESF_EXCLUSIVA;4,10;12,71;17634;4799;4306,14;3,67;5455;5997;0; - ; - ;0;0;0
4050061;UBS RIO CLARO;SAO MATEUS;LESTE;100;ESF_EXCLUSIVA;2,50;11,32;20272;5592;8113,07;3,62;5009;5478;1539; - ; - ;1632;1883;0
2027038;UBS SANTA BARBARA;SAO MATEUS;LESTE;0;TRADICIONAL;2,97;9,39;24946;7490;8408,25;3,33;11304;12097;0; - ; - ;895;384;0
2788535;UBS SAO MATEUS I;SAO MATEUS;LESTE;0;TRADICIONAL;2,52;10,04;35174;10656;13983,46;3,30;11770;13750;274; - ; - ;1288;1007;0
4049934;AMA/UBS INTEGRADA JARDIM HELENA;SAO MIGUEL;LESTE;0;TRADICIONAL;3,14;11,35;44459;12453;14143,51;3,57;13113;14485;0; - ; - ;3885;150;0
2787733;AMA/UBS INTEGRADA JARDIM ROMANO;SAO MIGUEL;LESTE;100;ESF_EXCLUSIVA;1,36;5,30;18609;5303;13689,86;3,51;5603;6180;0; - ; - ;791;12;40
6283616;AMA/UBS INTEGRADA PARQUE PAULISTANO;SAO MIGUEL;LESTE;0;TRADICIONAL;2,30;9,69;26604;7615;11580,35;3,49;8199;9219;64; - ; - ;130;302;0
2091798;AMA/UBS INTEGRADA SITIO DA CASA PINTADA;SAO MIGUEL;LESTE;0;TRADICIONAL;1,51;6,93;26953;8003;17895,46;3,37;8461;9493;0; - ; - ;288;161;0
2786915;UBS CIDADE NOVA SAO MIGUEL;SAO MIGUEL;LESTE;100;ESF_EXCLUSIVA;1,89;7,04;25585;7851;13536,23;3,26;8383;9469;0; - ; - ;105;0;0
2046962;UBS CIDADE PEDRO JOSE NUNES;SAO MIGUEL;LESTE;100;ESF_EXCLUSIVA;1,51;8,19;18576;5575;12335,93;3,33;5662;6363;0; - ; - ;80;153;0
2787334;UBS JARDIM DAS CAMELIAS;SAO MIGUEL;LESTE;100;ESF_EXCLUSIVA;0,66;4,07;14661;4310;22266,14;3,40;4543;4980;0; - ; - ;337;0;0
6873286;UBS JARDIM LAPENNA;SAO MIGUEL;LESTE;100;ESF_EXCLUSIVA;1,33;6,20;8347;2479;6254,49;3,37;2300;2565;209; - ; - ;150;150;0
2062658;UBS JARDIM MAIA;SAO MIGUEL;LESTE;100;ESF_EXCLUSIVA;1,64;7,39;31341;8873;19070,29;3,53;9398;10478;592; - ; - ;344;527;0
9632387;UBS JARDIM SAO CARLOS;SAO MIGUEL;LESTE;100;ESF_EXCLUSIVA;0,93;4,64;16997;4781;18263,24;3,56;5259;5714;0; - ; - ;1116;0;0
2788209;UBS PAULO FELDMAN NITRO OPERARIA;SAO MIGUEL;LESTE;100;ESF_EXCLUSIVA;1,09;5,41;9015;2858;8245,49;3,15;3025;4420;0; - ; - ;0;0;0
2788608;UBS SANTA INES;SAO MIGUEL;LESTE;100;ESF_EXCLUSIVA;0,90;5,90;17943;5060;20045,03;3,55;5468;5996;96; - ; - ;215;3173;0
2788659;UBS THERSIO VENTURA;SAO MIGUEL;LESTE;100;ESF_EXCLUSIVA;1,09;6,88;19706;5959;18088,79;3,31;6801;7360;1984; - ; - ;312;0;0
9459065;UBS TRES PONTES;SAO MIGUEL;LESTE;100;ESF_EXCLUSIVA;0,83;4,80;13786;3956;16555,90;3,49;4945;5335;681; - ; - ;240;7;0
2819856;UBS UNIAO VILA NOVA;SAO MIGUEL;LESTE;100;ESF_EXCLUSIVA;1,08;6,21;23254;6557;21495,28;3,55;6848;7703;0; - ; - ;0;0;0
2789000;UBS VILA JACUI;SAO MIGUEL;LESTE;0;TRADICIONAL;2,99;13,25;22608;6979;7551,39;3,24;7517;9077;0; - ; - ;0;1;0
2075016;UBS VILA PROGRESSO;SAO MIGUEL;LESTE;0;TRADICIONAL;2,13;7,10;34984;10469;16445,07;3,34;11026;12237;0; - ; - ;470;6;0
2788594;AMA/UBS INTEGRADA MASSAGISTA MARIO AMERICO;CASA VERDE / CACHOEIRINHA;NORTE;100;ESF_EXCLUSIVA;0,96;6,47;17190;5349;17907,55;3,21;5539;6144;0; - ; - ;0;0;0
2788756;AMA/UBS INTEGRADA VILA BARBOSA;CASA VERDE / CACHOEIRINHA;NORTE;100;ESF_EXCLUSIVA;2,56;8,38;17885;5515;6986,58;3,24;8149;9451;859; - ; - ;1497;221;0
2786710;UBS ADELAIDE LOPES;CASA VERDE / CACHOEIRINHA;NORTE;0;TRADICIONAL;1,74;7,99;23854;7807;13745,99;3,06;9755;10842;0; - ; - ;70;0;0
2027682;UBS CASA VERDE;CASA VERDE / CACHOEIRINHA;NORTE;0;TRADICIONAL;2,36;7,60;18955;6288;8039,37;3,01;8084;10127;0; - ; - ;35;0;0
2786869;UBS CASA VERDE ALTA;CASA VERDE / CACHOEIRINHA;NORTE;100;ESF_EXCLUSIVA;1,09;7,28;18374;5521;16840,67;3,33;6233;7071;0; - ; - ;0;0;0
2091712;UBS DR WALTER ELIAS - CASA VERDE;CASA VERDE / CACHOEIRINHA;NORTE;0;TRADICIONAL;1,09;4,40;10050;3254;9181,91;3,09;3774;4367;280; - ; - ;0;0;0
2787148;UBS ILZA WELTMAN HUTZLER;CASA VERDE / CACHOEIRINHA;NORTE;100;ESF_EXCLUSIVA;1,73;7,15;25931;8232;15011,92;3,15;9735;10875;0; - ; - ;0;14;221
2787695;UBS JARDIM PERI;CASA VERDE / CACHOEIRINHA;NORTE;0;TRADICIONAL;7,08;19,03;44791;13325;6324,15;3,36;13102;14074;0; - ; - ;2980;20;0
2788373;UBS PARQUE PERUCHE;CASA VERDE / CACHOEIRINHA;NORTE;0;TRADICIONAL;1,91;6,81;25713;8124;13433,54;3,17;9183;10606;0; - ; - ;0;0;0
2788837;UBS VILA DIONISIA;CASA VERDE / CACHOEIRINHA;NORTE;40,3;ESF_MISTA;2,73;9,54;41992;11775;15384,73;3,57;12080;12977;0; - ; - ;5476;0;0
6974511;UBS VILA DIONISIA II;CASA VERDE / CACHOEIRINHA;NORTE;100;ESF_EXCLUSIVA;0,99;9,11;18373;5729;18595,07;3,21;6069;6660;0; - ; - ;544;0;0
2788853;UBS VILA ESPANHOLA;CASA VERDE / CACHOEIRINHA;NORTE;100;ESF_EXCLUSIVA;1,24;6,02;15451;4250;12501,84;3,64;4697;5118;580; - ; - ;902;0;0
2788632;UBS VILA SANTA MARIA;CASA VERDE / CACHOEIRINHA;NORTE;100;ESF_EXCLUSIVA;1,31;6,97;23615;7148;17960,29;3,30;7691;8718;0; - ; - ;594;73;0
5882281;AMA UBS INTEGRADA JARDIM ELISA MARIA;FREGUESIA / BRASILANDIA;NORTE;100;ESF_EXCLUSIVA;0,32;4,22;12439;3490;38786,81;3,56;2587;2779;47; - ; - ;2568;0;0
2787555;AMA/UBS INTEGRADA JARDIM LADEIRA ROSA;FREGUESIA / BRASILANDIA;NORTE;0;TRADICIONAL;0,87;4,60;17999;5244;20633,38;3,43;5348;5840;0; - ; - ;1582;32;0
2787679;AMA/UBS INTEGRADA JARDIM PAULISTANO;FREGUESIA / BRASILANDIA;NORTE;100;ESF_EXCLUSIVA;1,36;6,52;19464;5533;14296,08;3,52;5518;5894;0; - ; - ;932;8;0
2789140;AMA/UBS INTEGRADA VILA PALMEIRAS;FREGUESIA / BRASILANDIA;NORTE;0;TRADICIONAL;1,55;7,74;17479;5481;11262,13;3,19;6297;7282;300; - ; - ;506;3;0
2751879;AMB ESPEC FREGUESIA DO O;FREGUESIA / BRASILANDIA;NORTE;0;TRADICIONAL;2,09;8,60;21494;7176;10279,23;3,00;8626;10289;0; - ; - ;25;5;0
2786761;UBS AUGUSTO LEOPOLDO AYROSA GALVAO;FREGUESIA / BRASILANDIA;NORTE;100;ESF_EXCLUSIVA;1,31;6,20;23111;7073;17695,84;3,27;7649;8629;0; - ; - ;303;8;0
2786818;UBS BRASILANDIA;FREGUESIA / BRASILANDIA;NORTE;100;ESF_EXCLUSIVA;0,69;5,12;12730;3853;18390,08;3,30;3771;4231;119; - ; - ;352;496;150
4049977;UBS CRUZ DAS ALMAS;FREGUESIA / BRASILANDIA;NORTE;100;ESF_EXCLUSIVA;1,57;6,76;26528;8523;16932,26;3,11;9969;10770;0; - ; - ;6;37;0
9986898;UBS ELISA MARIA II;FREGUESIA / BRASILANDIA;NORTE;100;ESF_EXCLUSIVA;0,59;3,67;16943;4683;28596,45;3,62;4139;4368;117; - ; - ;581;13;0
2787407;UBS JARDIM GUANABARA;FREGUESIA / BRASILANDIA;NORTE;0;TRADICIONAL;1,95;9,28;24277;8003;12456,12;3,03;9650;10938;0; - ; - ;9;5;0
2787415;UBS JARDIM GUARANI;FREGUESIA / BRASILANDIA;NORTE;100;ESF_EXCLUSIVA;0,72;6,11;19514;5624;26958,41;3,47;6074;6610;88; - ; - ;1597;0;0
2787466;UBS JARDIM ICARAI - BRASIL?NDIA;FREGUESIA / BRASILANDIA;NORTE;100;ESF_EXCLUSIVA;0,67;5,05;16786;4914;24876,40;3,42;4917;5327;0; - ; - ;2036;0;0
2787946;UBS JARDIM VISTA ALEGRE;FREGUESIA / BRASILANDIA;NORTE;6,3;ESF_MISTA;9,80;17,98;31248;8761;3187,73;3,57;5212;5621;45; - ; - ;3828;0;0
2788071;UBS MARIA CECILIA F DONNANGELO;FREGUESIA / BRASILANDIA;NORTE;0;TRADICIONAL;1,50;7,90;29388;9190;19645,52;3,20;10050;11127;136; - ; - ;638;108;0
6879810;UBS NOVA ESPERAN€A;FREGUESIA / BRASILANDIA;NORTE;95,7;ESF_MISTA;0,39;4,02;8772;2511;22283,62;3,49;2209;2405;0; - ; - ;499;0;0
2788586;UBS SILMARYA REJANE MARCOLINO SOUZA;FREGUESIA / BRASILANDIA;NORTE;18,6;ESF_MISTA;2,77;12,40;34795;10128;12552,67;3,44;9472;10033;280; - ; - ;5619;0;0
2789159;UBS VILA PENTEADO;FREGUESIA / BRASILANDIA;NORTE;100;ESF_EXCLUSIVA;0,83;4,83;20706;5924;25037,67;3,50;5994;6637;0; - ; - ;1044;0;0
2789213;UBS VILA PROGRESSO - JARDIM MONTE ALEGRE;FREGUESIA / BRASILANDIA;NORTE;0;TRADICIONAL;1,97;8,26;26988;8211;13701,29;3,29;8850;9805;0; - ; - ;645;22;0
2027062;UBS VILA RAMOS - FREGUESIA DO O;FREGUESIA / BRASILANDIA;NORTE;100;ESF_EXCLUSIVA;0,91;5,88;18238;5530;20022,07;3,30;6102;6700;0; - ; - ;749;0;0
2789264;UBS VILA TEREZINHA;FREGUESIA / BRASILANDIA;NORTE;100;ESF_EXCLUSIVA;0,49;3,81;13363;3892;27072,56;3,43;3664;3953;20; - ; - ;848;0;0
2788225;AMA/UBS INTEGRADA PERUS;PERUS;NORTE;0;TRADICIONAL;22,26;43,42;40211;11298;1806,74;3,56;12362;13745;0; - ; - ;1550;536;1
3651770;UBS JARDIM ROSINHA;PERUS;NORTE;100;ESF_EXCLUSIVA;2,67;10,12;14815;4386;5549,92;3,38;6101;6723;0; - ; - ;0;0;0
2091739;UBS MORADA DO SOL;PERUS;NORTE;100;ESF_EXCLUSIVA;5,28;12,49;11096;3218;2100,81;3,45;3213;3592;0; - ; - ;0;0;0
3651762;UBS MORRO DOCE;PERUS;NORTE;100;ESF_EXCLUSIVA;1,77;7,29;18513;5463;10470,73;3,39;7596;8261;0; - ; - ;885;0;0
2788233;UBS PARQUE ANHANGUERA;PERUS;NORTE;12,9;ESF_MISTA;22,62;43,20;20555;6116;908,68;3,36;6983;8016;0; - ; - ;231;86;0
3105504;UBS RECANTO DOS HUMILDES;PERUS;NORTE;100;ESF_EXCLUSIVA;0,79;5,30;20314;5540;25700,08;3,67;6318;6812;0; - ; - ;1105;6204;0
6377742;UBS VILA CAIUBA;PERUS;NORTE;100;ESF_EXCLUSIVA;1,98;8,26;21183;6379;10719,20;3,32;6906;7511;600; - ; - ;319;5;0
2788241;AMA/UBS INTEGRADA ANHANGUERA;PIRITUBA;NORTE;0;TRADICIONAL;3,28;10,13;24120;6967;7349,83;3,46;8966;10438;0; - ; - ;1716;0;0
3738582;AMA/UBS INTEGRADA CITY JARAGUA;PIRITUBA;NORTE;100;ESF_EXCLUSIVA;2,97;11,29;27372;7744;9207,00;3,53;9355;9791;4500; - ; - ;624;0;0
2787024;AMA/UBS INTEGRADA ELISIO TEIXEIRA LEITE;PIRITUBA;NORTE;100;ESF_EXCLUSIVA;1,48;6,63;22229;6739;15007,71;3,30;8491;9206;2909; - ; - ;501;8;0
2774801;AMA/UBS INTEGRADA JARDIM IPANEMA;PIRITUBA;NORTE;0;TRADICIONAL;8,38;25,32;23541;6902;2808,80;3,41;8798;9553;0; - ; - ;444;0;0
3738604;AMA/UBS INTEGRADA PARQUE MARIA DOMITILA;PIRITUBA;NORTE;100;ESF_EXCLUSIVA;5,55;18,79;41976;13666;7562,73;3,07;15250;16724;0; - ; - ;315;19;0
2789167;AMA/UBS INTEGRADA VILA PEREIRA BARRETO;PIRITUBA;NORTE;0;TRADICIONAL;1,74;7,00;21056;6865;12089,92;3,07;7930;9053;0; - ; - ;25;3;0
5357861;UBS ALDEIA JARAGUA - KWARAY DJEKUPE;PIRITUBA;NORTE;0;TRADICIONAL;0,10;1,46;197;45;1932,61;4,35;79;91;0; - ; - ;166;0;0
2091747;UBS ALPES DO JARAGUA;PIRITUBA;NORTE;100;ESF_EXCLUSIVA;2,75;10,78;9782;2637;3560,06;3,71;4625;5102;0; - ; - ;418;75;0
2786885;UBS CHACARA INGLESA;PIRITUBA;NORTE;0;TRADICIONAL;2,47;7,52;21643;7579;8758,17;2,86;14869;15469;0; - ; - ;433;5;0
2787008;UBS DOMINGOS MANTELLI;PIRITUBA;NORTE;17,9;ESF_MISTA;2,15;8,31;16645;4839;7732,07;3,44;4914;5274;132; - ; - ;914;0;0
9343121;UBS INTERATIVA;PIRITUBA;NORTE;100;ESF_EXCLUSIVA;0,75;4,11;18732;5524;24896,00;3,39;6602;6833;369; - ; - ;1575;0;0
2787261;UBS JARDIM CIDADE PIRITUBA;PIRITUBA;NORTE;100;ESF_EXCLUSIVA;4,01;9,95;19353;5945;4831,59;3,26;6408;7173;0; - ; - ;509;83;0
2787660;UBS JARDIM PANAMERICANO;PIRITUBA;NORTE;34,5;ESF_MISTA;3,69;11,50;20986;6299;5691,88;3,33;10203;11266;0; - ; - ;1575;30;0
7097778;UBS JARDIM RINCAO;PIRITUBA;NORTE;100;ESF_EXCLUSIVA;0,46;3,17;8603;2349;18596,03;3,66;2567;2847;0; - ; - ;668;10;0
2788136;UBS MOINHO VELHO;PIRITUBA;NORTE;100;ESF_EXCLUSIVA;1,73;6,29;18384;6031;10596,37;3,05;7006;7984;160; - ; - ;415;0;0
9343148;UBS PARQUE NA€?ES UNIDAS (SEM TERRA);PIRITUBA;NORTE;100;ESF_EXCLUSIVA;2,41;8,59;17629;5054;7309,09;3,49;8231;8728;2; - ; - ;0;0;0
3469042;UBS SANTO ELIAS;PIRITUBA;NORTE;100;ESF_EXCLUSIVA;1,51;6,46;10850;3269;7202,18;3,32;4403;5056;0; - ; - ;968;0;0
2788667;UBS UNIAO DAS VILAS DE TAIPAS;PIRITUBA;NORTE;32,3;ESF_MISTA;4,53;14,27;36232;10091;8004,61;3,59;12459;13578;702; - ; - ;3850;53;0
2789027;UBS VILA MAGGI;PIRITUBA;NORTE;100;ESF_EXCLUSIVA;0,75;4,01;13000;3812;17369,55;3,41;4359;4644;0; - ; - ;537;15;0
2789035;UBS VILA MANGALOT;PIRITUBA;NORTE;0;TRADICIONAL;1,53;6,06;15144;5080;9901,34;2,98;6470;7383;0; - ; - ;312;0;0
2789183;UBS VILA PIRITUBA;PIRITUBA;NORTE;100;ESF_EXCLUSIVA;2,07;7,83;27553;8820;13317,55;3,12;9721;10647;0; - ; - ;717;0;0
2789272;UBS VILA ZATT;PIRITUBA;NORTE;0;TRADICIONAL;1,09;7,04;19600;6051;18058,54;3,24;7159;7751;0; - ; - ;717;20;0
2027666;UBS CHORA MENINO;SANTANA / TUCURUVI / JA€ANA / TREMEMBE;NORTE;0;TRADICIONAL;4,28;9,23;58642;20433;13711,55;2,87;26568;29376;0; - ; - ;32;0;0
2788012;UBS CONJUNTO DO IPESP;SANTANA / TUCURUVI / JA€ANA / TREMEMBE;NORTE;0;TRADICIONAL;3,58;9,83;18177;5919;5080,04;3,07;6843;7479;0; - ; - ;17;14;1
2752212;UBS DOMINGOS MAZZONETO DE CILO - VILA AURORA;SANTANA / TUCURUVI / JA€ANA / TREMEMBE;NORTE;0;TRADICIONAL;1,62;6,10;25741;8512;15897,00;3,02;8939;10005;0; - ; - ;267;0;0
2027690;UBS DONA MARIQUINHA SCIASCIA;SANTANA / TUCURUVI / JA€ANA / TREMEMBE;NORTE;0;TRADICIONAL;8,02;17,01;25260;8034;3149,39;3,14;9556;10449;0; - ; - ;0;0;0
2042541;UBS DR JOSE TOLEDO PIZA;SANTANA / TUCURUVI / JA€ANA / TREMEMBE;NORTE;0;TRADICIONAL;1,97;7,48;19415;6089;9846,87;3,19;6946;7723;4; - ; - ;417;0;0
2068044;UBS HORTO FLORESTAL;SANTANA / TUCURUVI / JA€ANA / TREMEMBE;NORTE;0;TRADICIONAL;8,16;15,42;20502;6771;2514,05;3,03;6409;6661;0; - ; - ;120;4;0
2787962;UBS JACANA;SANTANA / TUCURUVI / JA€ANA / TREMEMBE;NORTE;0;TRADICIONAL;2,03;6,98;22603;7020;11150,83;3,22;8284;9324;0; - ; - ;70;0;0
2787172;UBS JARDIM APUANA;SANTANA / TUCURUVI / JA€ANA / TREMEMBE;NORTE;100;ESF_EXCLUSIVA;0,39;3,93;11480;3072;29661,88;3,74;3462;3666;728; - ; - ;348;0;0
3323331;UBS JARDIM DAS PEDRAS;SANTANA / TUCURUVI / JA€ANA / TREMEMBE;NORTE;2,1;ESF_MISTA;38,47;37,76;17185;4860;446,67;3,54;5253;5844;0; - ; - ;284;0;530
5621267;UBS JARDIM FLOR DE MAIO;SANTANA / TUCURUVI / JA€ANA / TREMEMBE;NORTE;100;ESF_EXCLUSIVA;0,65;3,92;14518;3766;22408,22;3,85;3762;4044;0; - ; - ;0;0;187
2091720;UBS JARDIM FONTALIS;SANTANA / TUCURUVI / JA€ANA / TREMEMBE;NORTE;22,3;ESF_MISTA;3,08;13,38;38347;10973;12457,90;3,49;11677;12897;0; - ; - ;826;0;8
2787520;UBS JARDIM JOAMAR;SANTANA / TUCURUVI / JA€ANA / TREMEMBE;NORTE;0;TRADICIONAL;2,93;9,39;47906;14415;16338,38;3,32;16212;17732;0; - ; - ;3308;5;0
2027631;UBS JOAQUIM ANTONIO EIRADO;SANTANA / TUCURUVI / JA€ANA / TREMEMBE;NORTE;2;ESF_MISTA;8,83;16,93;59734;20402;6767,80;2,93;25094;29823;700; - ; - ;64;0;0
9339833;UBS JOVA RURAL;SANTANA / TUCURUVI / JA€ANA / TREMEMBE;NORTE;100;ESF_EXCLUSIVA;1,10;6,87;21997;5815;20030,78;3,78;6210;6714;0; - ; - ;762;0;23
2788047;UBS LAUZANE PAULISTA;SANTANA / TUCURUVI / JA€ANA / TREMEMBE;NORTE;13,9;ESF_MISTA;3,45;8,17;63470;20779;18388,54;3,05;24827;26873;160; - ; - ;797;0;0
2788306;UBS PARQUE EDU CHAVES;SANTANA / TUCURUVI / JA€ANA / TREMEMBE;NORTE;0;TRADICIONAL;1,83;7,27;28662;8349;15694,86;3,43;8925;9822;1051; - ; - ;724;543;0
2027275;UBS VILA ALBERTINA - DR. OSVALDO MAR€AL;SANTANA / TUCURUVI / JA€ANA / TREMEMBE;NORTE;34,9;ESF_MISTA;3,30;7,92;25583;7612;7751,95;3,36;8194;8906;0; - ; - ;2097;56;0
2027674;UBS VILA NIVI;SANTANA / TUCURUVI / JA€ANA / TREMEMBE;NORTE;14,8;ESF_MISTA;2,93;8,33;42754;13808;14568,09;3,10;16413;18185;0; - ; - ;0;1;0
2789108;UBS VILA NOVA GALVAO - SONIA REGINA CAMPANELLI;SANTANA / TUCURUVI / JA€ANA / TREMEMBE;NORTE;51,6;ESF_MISTA;1,52;11,10;19667;5257;12902,15;3,74;5325;5749;0; - ; - ;1369;0;27
4049985;UBS WAMBERTO DIAS DA COSTA;SANTANA / TUCURUVI / JA€ANA / TREMEMBE;NORTE;0;TRADICIONAL;2,93;10,00;39310;13381;13397,85;2,94;16503;18641;0; - ; - ;227;0;0
2075202;AMA/UBS INTEGRADA JARDIM BRASIL;VILA MARIA / VILA GUILHERME;NORTE;39,5;ESF_MISTA;2,06;6,40;48689;14832;23644,03;3,28;15994;18305;0; - ; - ;368;2;0
2788950;AMA/UBS INTEGRADA VILA GUILHERME/ CEO VILA MARIA;VILA MARIA / VILA GUILHERME;NORTE;0;TRADICIONAL;3,80;10,62;17149;5537;4508,53;3,10;7911;9884;0; - ; - ;403;4;0
2789051;AMA/UBS INTEGRADA VILA MEDEIROS;VILA MARIA / VILA GUILHERME;NORTE;0;TRADICIONAL;1,36;6,06;26630;8393;19514,51;3,17;9223;10359;0; - ; - ;0;0;0
2068079;UBS CARANDIRU;VILA MARIA / VILA GUILHERME;NORTE;0;TRADICIONAL;2,18;8,88;14238;4716;6530,43;3,02;5938;7036;0; - ; - ;3;0;0
2787504;UBS JARDIM JAPAO;VILA MARIA / VILA GUILHERME;NORTE;0;TRADICIONAL;2,53;10,37;29551;9656;11701,65;3,06;12006;13948;0; - ; - ;0;0;0
7407629;UBS JARDIM JULIETA;VILA MARIA / VILA GUILHERME;NORTE;0;TRADICIONAL;2,18;8,69;15351;4564;7053,40;3,36;4465;4997;0; - ; - ;578;10;0
2788349;UBS PARQUE NOVO MUNDO I;VILA MARIA / VILA GUILHERME;NORTE;14;ESF_MISTA;2,96;8,23;30392;9009;10252,92;3,37;10383;12626;988; - ; - ;3682;113;0
2788357;UBS PARQUE NOVO MUNDO II;VILA MARIA / VILA GUILHERME;NORTE;28,8;ESF_MISTA;3,93;9,50;25396;7515;6461,50;3,38;8736;10868;1020; - ; - ;1311;0;0
2788845;UBS VILA EDE;VILA MARIA / VILA GUILHERME;NORTE;0;TRADICIONAL;1,20;6,32;22562;7021;18870,12;3,21;7892;8762;0; - ; - ;202;0;0
2788993;UBS VILA IZOLINA MAZZEI;VILA MARIA / VILA GUILHERME;NORTE;0;TRADICIONAL;1,09;6,21;15107;4877;13903,29;3,10;5619;6303;0; - ; - ;0;0;0
2068109;UBS VILA LEONOR;VILA MARIA / VILA GUILHERME;NORTE;0;TRADICIONAL;1,17;8,34;15330;5005;13140,39;3,06;6561;7308;0; - ; - ;0;0;0
2027720;UBS VILA MARIA - LUIZ PAULO GNECCO;VILA MARIA / VILA GUILHERME;NORTE;0;TRADICIONAL;1,55;8,57;21136;6773;13663,82;3,12;7772;9044;0; - ; - ;7;0;0
2063670;UBS VILA SABRINA - DR CARLOS A A PEDERNEIRAS LIMA;VILA MARIA / VILA GUILHERME;NORTE;0;TRADICIONAL;0,90;6,65;14502;4487;16060,20;3,23;5294;6323;0; - ; - ;56;11;0
2787784;AMA/UBS INTEGRADA JARDIM SAO JORGE - DR. PAULO EDUARDO ELIAS;BUTANTA;OESTE;100;ESF_EXCLUSIVA;2,75;7,77;27923;8123;10168,19;3,44;7188;7964;489; - ; - ;1698;68;0
2788217;AMA/UBS INTEGRADA PAULO VI;BUTANTA;OESTE;100;ESF_EXCLUSIVA;3,45;10,88;24939;7215;7239,12;3,46;8975;10003;921; - ; - ;1305;141;284
2789256;AMA/UBS INTEGRADA VILA SONIA;BUTANTA;OESTE;0;TRADICIONAL;5,57;19,62;48221;16262;8663,54;2,97;21804;23925;7; - ; - ;145;47;0
2091348;CS ESCOLA SAMUEL B PESSOA;BUTANTA;OESTE;14,9;ESF_MISTA;8,23;19,40;25611;8468;3113,47;3,02;9633;11913;128; - ; - ;910;2;1
2786826;UBS BUTANTA;BUTANTA;OESTE;0;TRADICIONAL;2,77;10,55;31702;10760;11453,74;2,95;13211;14771;0; - ; - ;379;4;0
2786877;UBS CAXINGUI - NANCI ABRANCHES;BUTANTA;OESTE;0;TRADICIONAL;9,40;18,40;32400;10918;3446,15;2,97;12715;14948;0; - ; - ;72;0;0
2787210;UBS JARDIM BOA VISTA;BUTANTA;OESTE;100;ESF_EXCLUSIVA;2,43;9,05;18248;5724;7516,72;3,19;7664;8136;2328; - ; - ;285;0;76
9186492;UBS JARDIM COLOMBO;BUTANTA;OESTE;100;ESF_EXCLUSIVA;1,53;10,26;23651;7482;15416,71;3,16;7931;8603;327; - ; - ;5308;22;0
2787326;UBS JARDIM D ABRIL;BUTANTA;OESTE;100;ESF_EXCLUSIVA;1,70;6,90;14562;4257;8558,25;3,42;4846;5175;280; - ; - ;1120;0;0
2787512;UBS JARDIM JAQUELINE;BUTANTA;OESTE;5,6;ESF_MISTA;2,78;8,02;36765;11177;13222,55;3,29;13935;14980;0; - ; - ;4795;0;0
2788004;UBS JOSE MARCILIO MALTA CARDOSO;BUTANTA;OESTE;15,9;ESF_MISTA;2,57;8,40;33243;10542;12925,52;3,15;11745;13013;1028; - ; - ;2918;12;44
2788470;UBS REAL PARQUE - PAULO MANGABEIRA ALBERNAZ FILHO;BUTANTA;OESTE;3;ESF_MISTA;4,43;13,62;23798;7563;5368,84;3,15;9570;10133;1775; - ; - ;2021;0;0
2788500;UBS RIO PEQUENO - PAULO DE BARROS FRANCA;BUTANTA;OESTE;0;TRADICIONAL;2,06;10,14;22074;7425;10723,97;2,97;8851;9694;204; - ; - ;23;84;0
7672578;UBS SAO REMO;BUTANTA;OESTE;11,6;ESF_MISTA;1,73;6,82;20849;6758;12068,62;3,09;6196;6937;0; - ; - ;2206;2;0
2788764;UBS VILA BORGES;BUTANTA;OESTE;0;TRADICIONAL;3,38;9,20;28532;8593;8436,86;3,32;10595;11403;0; - ; - ;599;12;0
2788810;UBS VILA DALVA - GUILHERME HENRIQUE P COELHO;BUTANTA;OESTE;100;ESF_EXCLUSIVA;1,66;7,16;15088;4395;9108,59;3,43;4385;4771;0; - ; - ;1054;0;0
2789116;AMA/UBS INTEGRADA VILA NOVA JAGUARE;LAPA / PINHEIROS;OESTE;22,9;ESF_MISTA;6,50;10,96;50446;16615;7764,18;3,04;19401;21240;1722; - ; - ;1648;4719;20
2789175;AMA/UBS INTEGRADA VILA PIAU?;LAPA / PINHEIROS;OESTE;99,6;ESF_MISTA;1,40;7,45;11082;3428;7916,74;3,23;4151;4746;0; - ; - ;7;8;0
2091321;CS GERALDO DE PAULA SOUZA;LAPA / PINHEIROS;OESTE;0;TRADICIONAL;5,77;12,17;89475;40015;15499,79;2,24;50677;56352;0; - ; - ;0;0;0
3503488;UBS ALTO DE PINHEIROS;LAPA / PINHEIROS;OESTE;0;TRADICIONAL;7,25;16,24;38231;13466;5271,77;2,84;16468;17889;0; - ; - ;4;0;0
7302541;UBS JARDIM EDITE;LAPA / PINHEIROS;OESTE;82,5;ESF_MISTA;3,75;10,37;23553;9151;6288,21;2,57;16438;18992;320; - ; - ;55;9;9
2787938;UBS JARDIM VERA CRUZ PERDIZES;LAPA / PINHEIROS;OESTE;0;TRADICIONAL;2,47;9,31;34589;13626;13995,57;2,54;16972;18724;0; - ; - ;0;0;0
2752301;UBS JOSE DE BARROS MAGALDI;LAPA / PINHEIROS;OESTE;0;TRADICIONAL;8,16;13,31;60396;25900;7405,88;2,33;35659;40778;0; - ; - ;250;0;0
2788063;UBS MANUEL JOAQUIM PERA;LAPA / PINHEIROS;OESTE;100;ESF_EXCLUSIVA;5,05;12,56;54094;22864;10715,97;2,37;30565;36794;0; - ; - ;22;0;0
2027380;UBS MENINOPÓLIS - MARIO FRANCISCO NAPOLITANO;LAPA / PINHEIROS;OESTE;0;TRADICIONAL;2,34;9,70;23025;9306;9855,03;2,47;14145;15336;0; - ; - ;20;0;0
2027461;UBS PARQUE DA LAPA;LAPA / PINHEIROS;OESTE;100;ESF_EXCLUSIVA;7,32;12,23;41652;14322;5688,09;2,91;19951;22489;400; - ; - ;749;71;181
2788675;UBS VILA ANASTACIO;LAPA / PINHEIROS;OESTE;0;TRADICIONAL;4,75;11,91;12879;4570;2712,20;2,82;7381;8995;260; - ; - ;130;150;0
2788683;UBS VILA ANGLO - JOSE SERRA RIBEIRO;LAPA / PINHEIROS;OESTE;0;TRADICIONAL;4,03;11,11;68841;26964;17062,94;2,55;31037;34523;0; - ; - ;0;0;7
2788985;UBS VILA IPOJUCA - WANDA COELHO DE MORAES;LAPA / PINHEIROS;OESTE;0;TRADICIONAL;1,95;7,66;19910;7193;10205,37;2,77;9226;10417;0; - ; - ;0;0;0
2789019;UBS VILA JAGUARA;LAPA / PINHEIROS;OESTE;100;ESF_EXCLUSIVA;3,13;9,31;13363;4364;4265,65;3,06;5555;6503;0; - ; - ;210;0;0
2789248;UBS VILA ROMANA;LAPA / PINHEIROS;OESTE;0;TRADICIONAL;3,56;13,42;40048;15283;11253,55;2,62;19604;24838;0; - ; - ;0;0;0
2788284;AMA/UBS INTEGRADA PARQUE BRISTOL;IPIRANGA;SUDESTE;60,2;ESF_MISTA;0,93;4,88;23526;7194;25227,03;3,27;8553;9141;200; - ; - ;1156;20;216
2788543;AMA/UBS INTEGRADA SAO VICENTE DE PAULA;IPIRANGA;SUDESTE;0;TRADICIONAL;3,23;8,13;34526;12319;10697,53;2,80;15237;18192;0; - ; - ;0;0;0
2789086;AMA/UBS INTEGRADA VILA MORAES- JOAO PAULO BOTELHO VIEIRA;IPIRANGA;SUDESTE;41,8;ESF_MISTA;1,33;5,77;25063;7619;18883,68;3,29;8773;9600;0; - ; - ;919;0;73
2064855;UBS AGUA FUNDA;IPIRANGA;SUDESTE;100;ESF_EXCLUSIVA;6,78;16,25;27972;8764;4126,56;3,19;10429;11626;170; - ; - ;644;0;2
3385264;UBS ALMIRANTE DELAMARE;IPIRANGA;SUDESTE;100;ESF_EXCLUSIVA;0,35;3,25;16339;4780;47271,84;3,42;4685;5009;2954; - ; - ;1415;2186;0
2047004;UBS AURELIO MELLONE;IPIRANGA;SUDESTE;38,5;ESF_MISTA;0,82;4,83;18275;6166;22287,50;2,96;10933;11212;1186; - ; - ;1285;0;0
2042983;UBS EDUARDO ROMANO RESCHILIAN;IPIRANGA;SUDESTE;89,8;ESF_MISTA;1,46;6,80;31073;9527;21256,09;3,26;9944;10944;1200; - ; - ;925;0;782
9188177;UBS HELIOPOLIS;IPIRANGA;SUDESTE;100;ESF_EXCLUSIVA;1,39;5,70;10656;3324;7677,96;3,21;3461;3600;2485; - ; - ;1813;0;0
2787598;UBS JANDIRA MASSUR - VILA GUMERCINDO;IPIRANGA;SUDESTE;0;TRADICIONAL;1,55;5,87;25456;9054;16422,15;2,81;12136;13373;0; - ; - ;0;0;0
2042967;UBS JARDIM DA SAUDE  - NEUSA ROSALIA MORALES;IPIRANGA;SUDESTE;5,1;ESF_MISTA;2,83;9,76;33431;11048;11823,12;3,03;14314;16169;96; - ; - ;1500;0;0
2787830;UBS JARDIM SECKLER;IPIRANGA;SUDESTE;90,4;ESF_MISTA;1,03;5,44;20380;6529;19732,00;3,12;7395;7835;397; - ; - ;2045;0;542
5479517;UBS JOAQUIM ROSSINI / CARIOCA;IPIRANGA;SUDESTE;68,3;ESF_MISTA;3,22;9,02;25458;8447;7905,06;3,01;9477;12314;211; - ; - ;305;0;0
2788055;UBS LUIZ ERNESTO MAZZONI;IPIRANGA;SUDESTE;10,3;ESF_MISTA;2,12;6,28;28017;9019;13213,38;3,11;10674;11377;0; - ; - ;940;0;0
2788128;UBS MOINHO VELHO II;IPIRANGA;SUDESTE;0;TRADICIONAL;2,00;8,47;20943;7357;10446,06;2,85;9659;10885;0; - ; - ;0;0;0
2042975;UBS OSWALDO MARASCA JUNIOR;IPIRANGA;SUDESTE;21,3;ESF_MISTA;2,67;6,91;26345;9330;9859,23;2,82;11918;13619;0; - ; - ;400;0;126
2788519;UBS SACOMA;IPIRANGA;SUDESTE;52,4;ESF_MISTA;1,78;8,33;44292;13745;24830,25;3,22;13284;14869;427; - ; - ;11803;69;0
2788713;UBS VILA ARAPUA;IPIRANGA;SUDESTE;11,5;ESF_MISTA;2,09;7,84;21557;7082;10316,44;3,04;8842;9522;0; - ; - ;841;0;770
2788829;UBS VILA DAS MERCES;IPIRANGA;SUDESTE;0;TRADICIONAL;2,20;7,82;31641;10684;14412,78;2,96;13548;14707;0; - ; - ;204;0;249
2752166;AMA/UBS INTEGRADA AGUA RASA;MOOCA / ARICANDUVA / FORMOSA / CARRAO;SUDESTE;0;TRADICIONAL;4,30;11,74;39693;13543;9235,75;2,93;17905;21816;0;29;161;30;0;0
2788195;AMA/UBS INTEGRADA PARI;MOOCA / ARICANDUVA / FORMOSA / CARRAO;SUDESTE;0;TRADICIONAL;3,05;8,16;19303;6075;6332,27;3,18;7325;11868;282;63;509;130;0;27
2752379;AMA/UBS INTEGRADA V ORATORIO- TITO PEDRO MASCELANI;MOOCA / ARICANDUVA / FORMOSA / CARRAO;SUDESTE;0;TRADICIONAL;3,19;9,50;36645;11976;11484,58;3,06;15049;17469;0;1;0;0;24;0
2788691;AMA/UBS INTEGRADA VILA ANTONIETA;MOOCA / ARICANDUVA / FORMOSA / CARRAO;SUDESTE;0;TRADICIONAL;2,29;8,64;32724;9985;14302,50;3,28;14042;15357;409;0;0;298;0;0
2752352;AMA/UBS INTEGRADA VILA CARRAO - DR ADHEMAR MONTEIRO PACHECO;MOOCA / ARICANDUVA / FORMOSA / CARRAO;SUDESTE;0;TRADICIONAL;3,35;11,81;30496;9840;9108,52;3,10;12625;14502;0;0;0;0;0;0
2788942;AMA/UBS INTEGRADA VILA GUARANI;MOOCA / ARICANDUVA / FORMOSA / CARRAO;SUDESTE;79,2;ESF_MISTA;2,45;9,32;39499;12243;16154,19;3,23;13195;15137;0;0;0;292;51;0
2752174;UBS BELENZINHO - MARCUS WOLOSKER;MOOCA / ARICANDUVA / FORMOSA / CARRAO;SUDESTE;56,2;ESF_MISTA;6,72;12,27;59643;19795;8870,52;3,01;29418;35768;182;200;2069;600;0;49
2752182;UBS BRAS - MANOEL SALDIVA NETO;MOOCA / ARICANDUVA / FORMOSA / CARRAO;SUDESTE;30,6;ESF_MISTA;3,49;10,36;29581;10207;8479,44;2,90;16106;23555;2472;175;2533;22;0;90
4049799;UBS COMENDADOR JOSE GONZALEZ;MOOCA / ARICANDUVA / FORMOSA / CARRAO;SUDESTE;0;TRADICIONAL;1,48;9,45;21249;6841;14338,82;3,11;7813;8687;0;0;0;0;40;0
2787490;UBS JARDIM IVA;MOOCA / ARICANDUVA / FORMOSA / CARRAO;SUDESTE;100;ESF_EXCLUSIVA;1,23;5,71;23507;7201;19081,50;3,26;7835;8764;126;0;0;0;12;0
2042258;UBS MOOCA I;MOOCA / ARICANDUVA / FORMOSA / CARRAO;SUDESTE;0;TRADICIONAL;4,29;9,80;45830;15960;10677,57;2,87;23077;27108;621;59;591;0;0;319
2752344;UBS VILA BERTIOGA - DOMINGOS DELASCIO CEO TIPO II;MOOCA / ARICANDUVA / FORMOSA / CARRAO;SUDESTE;0;TRADICIONAL;5,52;12,66;52084;18131;9441,11;2,87;23880;27879;0;23;273;57;0;0
2788918;UBS VILA FORMOSA I - DR ANTONIO DA SILVEIRA E OLIVEIRA;MOOCA / ARICANDUVA / FORMOSA / CARRAO;SUDESTE;0;TRADICIONAL;3,53;11,79;38533;12808;10924,05;3,01;17503;19352;0;0;0;170;0;0
2788896;UBS VILA FORMOSA II;MOOCA / ARICANDUVA / FORMOSA / CARRAO;SUDESTE;100;ESF_EXCLUSIVA;1,52;8,11;16621;5474;10900,51;3,04;7048;8565;0;0;0;0;0;0
2752360;UBS VILA NOVA MANCHESTER - DR ARLINDO GENNARI;MOOCA / ARICANDUVA / FORMOSA / CARRAO;SUDESTE;0;TRADICIONAL;4,16;10,57;44316;14373;10642,86;3,08;18462;21943;0;0;0;572;0;0
2789124;UBS VILA NOVA YORK;MOOCA / ARICANDUVA / FORMOSA / CARRAO;SUDESTE;100;ESF_EXCLUSIVA;1,85;7,09;20755;6410;11203,51;3,24;6856;8227;83;0;0;6;32;0
2752387;UBS VILA SANTO ESTEVAO;MOOCA / ARICANDUVA / FORMOSA / CARRAO;SUDESTE;0;TRADICIONAL;5,62;13,26;64741;23180;11523,99;2,79;31662;38018;0;4;50;355;0;0
2752204;AMA/UBS INTEGRADA CANGA?BA - CARLOS GENTILE DE MELLO;PENHA;SUDESTE;0;TRADICIONAL;1,44;14,65;23832;7191;16585,72;3,31;8356;9126;0; - ; - ;628;116;0
6194990;AMA/UBS INTEGRADA CHACARA CRUZEIRO DO SUL;PENHA;SUDESTE;99,7;ESF_MISTA;1,05;6,22;14734;4548;13972,45;3,24;6076;6640;0; - ; - ;200;0;0
2027070;AMA/UBS INTEGRADA PADRE MANOEL DA NOBREGA;PENHA;SUDESTE;0;TRADICIONAL;1,25;7,05;29197;9692;23428,92;3,01;9475;9930;142191; - ; - ;587;3;0
6592899;AMA/UBS INTEGRADA VILA SILVIA;PENHA;SUDESTE;0;TRADICIONAL;1,80;5,92;32280;9915;17980,65;3,26;11229;12035;0; - ; - ;10;0;0
2786729;UBS AE CARVALHO;PENHA;SUDESTE;100;ESF_EXCLUSIVA;1,09;5,40;13019;3866;11910,87;3,37;4259;4827;180; - ; - ;520;205;0
2786753;UBS ANTONIO P F VILLALOBO;PENHA;SUDESTE;100;ESF_EXCLUSIVA;1,16;5,63;19450;5908;16716,54;3,29;6258;7228;0; - ; - ;894;2;0
2786923;UBS CIDADE PATRIARCA;PENHA;SUDESTE;0;TRADICIONAL;1,68;8,43;19648;6248;11662,73;3,14;6858;7692;0; - ; - ;0;0;0
2752220;UBS ENGENHEIRO GOULART - JOSE PIRES;PENHA;SUDESTE;0;TRADICIONAL;2,27;8,33;36419;10938;16015,25;3,33;12474;13956;0; - ; - ;2569;2;0
2787032;UBS ENGENHEIRO TRINDADE;PENHA;SUDESTE;0;TRADICIONAL;3,10;9,95;24242;7534;7817,70;3,22;10220;12058;520; - ; - ;2349;0;0
7270941;UBS INTEGERL JARDIM MARINGA TALARICO;PENHA;SUDESTE;100;ESF_EXCLUSIVA;2,00;7,48;25123;7860;12572,19;3,20;9152;10606;0; - ; - ;43;115;0
2787776;UBS JARDIM SAO FRANCISCO;PENHA;SUDESTE;100;ESF_EXCLUSIVA;8,32;17,01;9867;2758;1185,30;3,58;3200;3535;0; - ; - ;718;0;0
2787806;UBS JARDIM SAO NICOLAU;PENHA;SUDESTE;100;ESF_EXCLUSIVA;1,97;7,64;27457;8573;13907,44;3,20;9480;10691;0; - ; - ;54;3;0
4049926;UBS PADRE JOSE DE ANCHIETA;PENHA;SUDESTE;0;TRADICIONAL;0,81;5,25;16452;5315;20334,91;3,10;5873;6139;68639; - ; - ;1023;0;0
2752328;UBS PARQUE ARTHUR ALVIM;PENHA;SUDESTE;0;TRADICIONAL;1,70;8,47;19637;6315;11531,84;3,11;6899;8344;0; - ; - ;180;0;0
2788721;UBS VILA ARICANDUVA;PENHA;SUDESTE;0;TRADICIONAL;1,46;5,51;16757;5430;11448,37;3,09;6806;7543;0; - ; - ;179;0;0
2788861;UBS VILA ESPERAN€A - CASSIO BITTENCOURT FILHO;PENHA;SUDESTE;79,2;ESF_MISTA;3,56;10,96;39581;13173;11115,42;3,00;16117;18499;306; - ; - ;526;0;0
2788888;UBS VILA ESPERAN€A - EMILIO SANTIAGO DE OLIVEIRA;PENHA;SUDESTE;0;TRADICIONAL;2,98;9,94;35470;11902;11894,71;2,98;13059;15239;0; - ; - ;58;0;0
2788926;UBS VILA GRANADA - ALFREDO F PAULINO FILHO;PENHA;SUDESTE;0;TRADICIONAL;2,46;7,98;29123;9432;11823,99;3,09;10741;12210;0; - ; - ;127;28;0
2788969;UBS VILA GUILHERMINA;PENHA;SUDESTE;100;ESF_EXCLUSIVA;1,48;6,41;17543;5647;11855,11;3,11;5910;6706;0; - ; - ;0;0;0
2789043;UBS VILA MATILDE - DR RUBENS DO VAL;PENHA;SUDESTE;0;TRADICIONAL;1,81;6,44;20608;6715;11392,67;3,07;8318;9592;0; - ; - ;3;0;0
2030969;AMA/UBS INTEGRADA AMERICANÓPOLIS;VILA MARIANA / JABAQUARA;SUDESTE;100;ESF_EXCLUSIVA;0,92;4,82;24089;7186;26137,25;3,35;7244;7854;222; - ; - ;1352;0;0
2786966;AMA/UBS INTEGRADA CUPEC? - DR. WALDOMIRO PREGNOLATTO;VILA MARIANA / JABAQUARA;SUDESTE;100;ESF_EXCLUSIVA;1,32;6,13;25242;8301;19084,14;3,04;7694;8602;176; - ; - ;4344;0;0
2042991;AMA/UBS INTEGRADA DR. GERALDO DA SILVA FERREIRA - CEO II;VILA MARIANA / JABAQUARA;SUDESTE;22,1;ESF_MISTA;2,90;10,88;34195;12011;11780,38;2,85;14064;15999;0; - ; - ;604;5;0
3708411;AMA/UBS INTEGRADA VILA CLARA;VILA MARIANA / JABAQUARA;SUDESTE;100;ESF_EXCLUSIVA;0,71;4,24;20373;5892;28544,73;3,46;5490;5844;0; - ; - ;2788;0;0
7136617;UBS CANAA;VILA MARIANA / JABAQUARA;SUDESTE;67,2;ESF_MISTA;1,66;7,03;27977;9609;16849,52;2,91;12400;13593;0; - ; - ;792;8;0
2030934;UBS CIDADE VARGAS;VILA MARIANA / JABAQUARA;SUDESTE;0;TRADICIONAL;3,20;9,21;35318;12524;11021,52;2,82;15041;16365;0; - ; - ;55;1;0
5120780;UBS JARDIM LOURDES;VILA MARIANA / JABAQUARA;SUDESTE;100;ESF_EXCLUSIVA;1,05;5,38;18188;5506;17287,64;3,30;5209;5729;0; - ; - ;994;1;25
2788101;UBS MILTON SANTOS;VILA MARIANA / JABAQUARA;SUDESTE;0;TRADICIONAL;4,77;9,42;44164;16150;9253,46;2,73;19483;22290;0; - ; - ;450;25;0
2788330;UBS PARQUE  IMPERIAL - MANOEL ANTONIO DA SILVA SARAGOCA;VILA MARIANA / JABAQUARA;SUDESTE;25,8;ESF_MISTA;3,18;7,95;63481;23933;19960,23;2,65;30706;33384;80; - ; - ;0;0;0
2091526;UBS SANTA CRUZ;VILA MARIANA / JABAQUARA;SUDESTE;16,6;ESF_MISTA;5,03;10,78;68610;26269;13644,95;2,61;35658;38992;0; - ; - ;195;0;0
2788578;UBS SIGMUND FREUD INDIANOPOLIS;VILA MARIANA / JABAQUARA;SUDESTE;0;TRADICIONAL;3,30;7,76;49053;20968;14854,38;2,34;25465;28806;0; - ; - ;0;0;0
6165516;UBS VILA CAMPESTRE;VILA MARIANA / JABAQUARA;SUDESTE;100;ESF_EXCLUSIVA;1,13;5,27;21876;6742;19381,11;3,24;6983;7708;0; - ; - ;1189;0;0
5662699;UBS VILA MARIANA;VILA MARIANA / JABAQUARA;SUDESTE;0;TRADICIONAL;4,83;11,11;82779;33839;17140,19;2,45;42453;48387;0; - ; - ;332;1;0
2789132;UBS VILA OLIMPIA - MAX PERLMAN;VILA MARIANA / JABAQUARA;SUDESTE;0;TRADICIONAL;5,80;12,34;35152;14206;6057,95;2,47;18040;20149;0; - ; - ;0;0;0
2046997;UBS VILA SANTA CATARINA;VILA MARIANA / JABAQUARA;SUDESTE;100;ESF_EXCLUSIVA;1,30;6,98;21589;6800;16637,12;3,18;7721;8518;498; - ; - ;1896;0;120
2043009;AMA/UBS INTEGRADA JARDIM ELBA HUMBERTO GASTAO BODRA;VILA PRUDENTE / SAPOPEMBA;SUDESTE;100;ESF_EXCLUSIVA;0,82;5,61;12552;3846;15279,03;3,26;4950;5278;0; - ; - ;933;0;0
2042932;AMA/UBS INTEGRADA JARDIM GRIMALDI;VILA PRUDENTE / SAPOPEMBA;SUDESTE;0;TRADICIONAL;2,14;7,44;38219;11565;17853,28;3,30;12464;13947;0; - ; - ;416;11;0
2752239;AMA/UBS INTEGRADA JARDIM INDEPEND?NCIA - HERMENEGILDO MORBI*;VILA PRUDENTE / SAPOPEMBA;SUDESTE;100;ESF_EXCLUSIVA;2,89;8,09;24398;7920;8455,25;3,08;9673;11256;0; - ; - ;450;0;0
2026988;AMA/UBS INTEGRADA VILA CALIFORNIA - ZEILIVAL BRUSCAGIN;VILA PRUDENTE / SAPOPEMBA;SUDESTE;100;ESF_EXCLUSIVA;1,76;6,93;20575;6713;11714,69;3,06;8398;9604;0; - ; - ;0;0;0
2787040;UBS FAZENDA DA JUTA I;VILA PRUDENTE / SAPOPEMBA;SUDESTE;100;ESF_EXCLUSIVA;0,45;3,59;11358;3227;25381,33;3,52;3684;3899;0; - ; - ;318;0;0
2788020;UBS FAZENDA DA JUTA II;VILA PRUDENTE / SAPOPEMBA;SUDESTE;100;ESF_EXCLUSIVA;0,73;4,25;15907;4614;21834,24;3,45;4822;4937;564; - ; - ;148;0;0
2788438;UBS IACAPE JD PLANALTO;VILA PRUDENTE / SAPOPEMBA;SUDESTE;100;ESF_EXCLUSIVA;1,00;5,10;21859;6689;21830,42;3,27;6579;7206;0; - ; - ;710;200;0
2787121;UBS IGUACU;VILA PRUDENTE / SAPOPEMBA;SUDESTE;100;ESF_EXCLUSIVA;0,63;5,93;17238;5047;27222,09;3,42;5907;6212;93; - ; - ;3859;36;0
2787091;UBS JARDIM DOS EUCALIPTOS -  HELIO MOREIRA SALLES;VILA PRUDENTE / SAPOPEMBA;SUDESTE;100;ESF_EXCLUSIVA;1,19;7,37;22479;6788;18922,42;3,31;7332;8048;0; - ; - ;416;0;0
2752263;UBS JARDIM GUAIRACA;VILA PRUDENTE / SAPOPEMBA;SUDESTE;100;ESF_EXCLUSIVA;1,88;7,32;22271;7009;11846,95;3,18;6907;7891;22; - ; - ;913;1;0
2787822;UBS JARDIM SAPOPEMBA;VILA PRUDENTE / SAPOPEMBA;SUDESTE;100;ESF_EXCLUSIVA;1,22;5,65;18456;5488;15158,61;3,36;5782;6464;704; - ; - ;666;0;0
2787857;UBS JARDIM SINHA;VILA PRUDENTE / SAPOPEMBA;SUDESTE;100;ESF_EXCLUSIVA;0,57;3,70;18714;5353;32648,79;3,50;5666;5993;0; - ; - ;3409;0;0
2043017;UBS MASCARENHAS DE MORAES;VILA PRUDENTE / SAPOPEMBA;SUDESTE;100;ESF_EXCLUSIVA;0,78;4,37;14943;4225;19263,97;3,54;4583;4907;1088; - ; - ;1749;0;0
2057891;UBS PARQUE SAO LUCAS;VILA PRUDENTE / SAPOPEMBA;SUDESTE;100;ESF_EXCLUSIVA;1,68;7,17;25887;8651;15431,58;2,99;9118;10600;0; - ; - ;0;0;0
4050398;UBS PASTORAL;VILA PRUDENTE / SAPOPEMBA;SUDESTE;100;ESF_EXCLUSIVA;0,30;3,45;7123;2149;23807,93;3,31;2752;2885;0; - ; - ;1259;0;0
9423206;UBS PROMORAR;VILA PRUDENTE / SAPOPEMBA;SUDESTE;100;ESF_EXCLUSIVA;0,52;3,08;15964;4800;30820,99;3,33;5260;5451;3231; - ; - ;577;0;80
4050401;UBS REUNIDAS I;VILA PRUDENTE / SAPOPEMBA;SUDESTE;100;ESF_EXCLUSIVA;1,46;6,69;25412;7901;17416,95;3,22;8918;9889;291; - ; - ;332;1;0
2788497;UBS REUNIDAS II;VILA PRUDENTE / SAPOPEMBA;SUDESTE;100;ESF_EXCLUSIVA;1,45;7,69;26424;8204;18259,57;3,22;8952;10012;3; - ; - ;144;18;0
2788411;UBS SANTA MADALENA;VILA PRUDENTE / SAPOPEMBA;SUDESTE;100;ESF_EXCLUSIVA;0,16;2,46;6264;1773;39829,03;3,53;1896;1978;0; - ; - ;1708;0;0
2074079;UBS TEOTONIO VILELA;VILA PRUDENTE / SAPOPEMBA;SUDESTE;100;ESF_EXCLUSIVA;0,86;5,13;18236;5491;21110,16;3,32;6311;6705;3040; - ; - ;1559;200;0
2045451;UBS VILA ALPINA - DR HERMINIO MOREIRA;VILA PRUDENTE / SAPOPEMBA;SUDESTE;0;TRADICIONAL;2,05;8,09;24953;8322;12155,70;3,00;11958;13366;340; - ; - ;51;0;0
9624988;UBS VILA EMA DR FUAD KASSAB;VILA PRUDENTE / SAPOPEMBA;SUDESTE;100;ESF_EXCLUSIVA;1,87;7,71;27133;8641;14528,01;3,14;9272;10928;0; - ; - ;200;0;0
2026961;UBS VILA HELOISA;VILA PRUDENTE / SAPOPEMBA;SUDESTE;0;TRADICIONAL;1,79;8,35;29811;9516;16670,43;3,13;11802;13071;0; - ; - ;0;0;0
3359131;UBS VILA PRUDENTE;VILA PRUDENTE / SAPOPEMBA;SUDESTE;32,9;ESF_MISTA;4,46;11,95;46117;15531;10340,65;2,97;18461;21484;720; - ; - ;1852;0;0
2789221;UBS VILA RENATO;VILA PRUDENTE / SAPOPEMBA;SUDESTE;100;ESF_EXCLUSIVA;0,58;4,47;10746;3340;18412,82;3,22;3443;3783;0; - ; - ;412;0;0
2788322;AMA/UBS INTEGRADA PARQUE FERNANDA;CAMPO LIMPO;SUL;100;ESF_EXCLUSIVA;1,31;7,32;21287;6368;16273,87;3,34;7071;7801;1294; - ; - ;1710;46;0
2789205;AMA/UBS INTEGRADA VILA PREL- ANTONIO BERNARDES DE OLIVEIRA;CAMPO LIMPO;SUL;100;ESF_EXCLUSIVA;2,21;9,65;28865;9162;13089,17;3,15;11887;12808;0; - ; - ;2045;51;0
2786745;UBS ALTO DO UMUARAMA;CAMPO LIMPO;SUL;100;ESF_EXCLUSIVA;0,74;4,91;20565;6249;27714,96;3,29;5857;6103;0; - ; - ;2860;5;0
2774763;UBS ARRASTAO - FRANCISCO SCALAMANDRE SOBRINHO;CAMPO LIMPO;SUL;100;ESF_EXCLUSIVA;1,73;9,33;17412;5165;10077,78;3,37;5844;6926;0; - ; - ;1011;6;0
2786842;UBS CAMPO LIMPO;CAMPO LIMPO;SUL;100;ESF_EXCLUSIVA;1,55;6,54;26383;7959;17046,60;3,31;9022;9835;264; - ; - ;1583;109;0
2787318;UBS JARDIM COMERCIAL;CAMPO LIMPO;SUL;100;ESF_EXCLUSIVA;1,97;7,83;34134;10282;17359,10;3,32;10558;11242;769; - ; - ;1984;39;0
6329527;UBS JARDIM DAS PALMAS;CAMPO LIMPO;SUL;100;ESF_EXCLUSIVA;1,01;5,93;17004;5110;16870,70;3,33;8076;8470;0; - ; - ;1822;56;0
6365817;UBS JARDIM ELEDY;CAMPO LIMPO;SUL;100;ESF_EXCLUSIVA;0,59;4,12;15348;4448;26139,00;3,45;4900;5295;0; - ; - ;1656;10;0
2787393;UBS JARDIM GERMANIA;CAMPO LIMPO;SUL;100;ESF_EXCLUSIVA;0,56;4,44;11023;3551;19662,51;3,10;4228;4555;0; - ; - ;878;64;0
6039111;UBS JARDIM HELGA;CAMPO LIMPO;SUL;100;ESF_EXCLUSIVA;0,53;4,30;10943;3270;20571,17;3,35;4080;4302;0; - ; - ;1518;15;0
2787563;UBS JARDIM LIDIA;CAMPO LIMPO;SUL;100;ESF_EXCLUSIVA;1,48;6,79;23961;7373;16243,69;3,25;8132;9120;63; - ; - ;1376;33;0
6195008;UBS JARDIM MACEDONIA;CAMPO LIMPO;SUL;100;ESF_EXCLUSIVA;0,65;4,71;16073;4930;24734,24;3,26;5495;6078;227; - ; - ;1131;0;0
5620341;UBS JARDIM MAGDALENA;CAMPO LIMPO;SUL;100;ESF_EXCLUSIVA;0,81;6,03;15822;4570;19553,17;3,46;4822;5308;908; - ; - ;764;959;160
5695813;UBS JARDIM MARACA;CAMPO LIMPO;SUL;100;ESF_EXCLUSIVA;1,47;6,42;26274;8160;17842,93;3,22;8577;9441;0; - ; - ;1583;329;0
2787636;UBS JARDIM MITSUTANI;CAMPO LIMPO;SUL;92,7;ESF_MISTA;1,53;7,10;28623;8341;18713,25;3,43;9438;10427;0; - ; - ;1880;20;0
3956946;UBS JARDIM OLINDA;CAMPO LIMPO;SUL;100;ESF_EXCLUSIVA;1,30;6,95;21086;6367;16265,10;3,31;7918;8771;181; - ; - ;1579;7;0
2787768;UBS JARDIM SAO BENTO;CAMPO LIMPO;SUL;100;ESF_EXCLUSIVA;1,35;5,89;30342;9137;22399,25;3,32;9360;10631;150; - ; - ;3789;31;0
6380417;UBS JARDIM VALQUIRIA;CAMPO LIMPO;SUL;100;ESF_EXCLUSIVA;1,09;5,85;24778;7377;22663,33;3,36;7799;8579;0; - ; - ;4307;12;0
3614948;UBS LUAR DO SERTAO;CAMPO LIMPO;SUL;100;ESF_EXCLUSIVA;1,26;6,36;19679;5835;15651,27;3,37;6865;7621;167; - ; - ;448;35;0
2788187;UBS PARAISOPOLIS;CAMPO LIMPO;SUL;100;ESF_EXCLUSIVA;0,27;2,81;19795;5953;72885,39;3,33;2139;2593;0; - ; - ;7238;0;0
3956954;UBS PARAISOPOLIS II;CAMPO LIMPO;SUL;100;ESF_EXCLUSIVA;0,40;3,32;20752;6518;51921,24;3,18;2831;3222;172; - ; - ;6093;0;0
6564410;UBS PARAISOPOLIS III;CAMPO LIMPO;SUL;22,2;ESF_MISTA;4,82;12,49;30617;9422;6352,86;3,25;10832;11606;1324; - ; - ;5257;0;0
2788268;UBS PARQUE ARARIBA - CEO II;CAMPO LIMPO;SUL;100;ESF_EXCLUSIVA;3,89;13,62;55591;17798;14290,62;3,12;24116;25712;80; - ; - ;4015;105;270
2788314;UBS PARQUE ENGENHO II;CAMPO LIMPO;SUL;100;ESF_EXCLUSIVA;1,17;6,34;23807;7147;20372,63;3,33;7234;8078;200; - ; - ;1824;405;0
2788381;UBS PARQUE REGINA;CAMPO LIMPO;SUL;100;ESF_EXCLUSIVA;0,75;5,83;18019;5470;23987,37;3,29;5249;5795;328; - ; - ;1218;29;0
2789191;UBS VILA PRAIA - VITORIO ROLANDO BOCCALETTI;CAMPO LIMPO;SUL;0;TRADICIONAL;2,67;14,16;27987;9527;10491,19;2,94;20924;21465;0; - ; - ;306;13;0
2787253;AMA/UBS INTEGRADA JARDIM CASTRO ALVES;CAPELA DO SOCORRO;SUL;21;ESF_MISTA;5,19;13,18;74212;21877;14311,73;3,39;22739;25757;0; - ; - ;5017;383;200
2787474;AMA/UBS INTEGRADA JARDIM ICARAI - QUINTANA;CAPELA DO SOCORRO;SUL;0;TRADICIONAL;3,91;18,20;54699;16194;13974,51;3,38;16803;18518;0; - ; - ;1694;2357;0
2787628;AMA/UBS INTEGRADA JARDIM MIRNA;CAPELA DO SOCORRO;SUL;100;ESF_EXCLUSIVA;1,25;6,12;16523;4672;13227,52;3,54;4627;5356;0; - ; - ;754;0;0
2751887;AMB ESPEC JARDIM CLIPER;CAPELA DO SOCORRO;SUL;0;TRADICIONAL;8,06;15,04;47736;14141;5925,77;3,38;14888;17156;36; - ; - ;898;3708;1400
4049896;UBS ALCINA PIMENTEL PIZA;CAPELA DO SOCORRO;SUL;100;ESF_EXCLUSIVA;19,60;25,01;3313;977;168,99;3,39;1262;1365;0; - ; - ;120;0;20
9788409;UBS ANCHIETA;CAPELA DO SOCORRO;SUL;100;ESF_EXCLUSIVA;1,98;7,03;19658;5727;9925,16;3,43;6487;7122;2642; - ; - ;3080;0;0
9072349;UBS AUTODROMO DR FAUZER SIMAO ABRAO;CAPELA DO SOCORRO;SUL;100;ESF_EXCLUSIVA;2,14;6,11;15696;4578;7340,85;3,43;5384;5852;1394; - ; - ;776;372;0
7884192;UBS CANTINHO DO CEU;CAPELA DO SOCORRO;SUL;100;ESF_EXCLUSIVA;2,00;6,10;18451;5219;9247,73;3,54;4375;4694;0; - ; - ;0;0;0
3992101;UBS CHACARA DO CONDE;CAPELA DO SOCORRO;SUL;100;ESF_EXCLUSIVA;2,18;7,56;19775;5575;9088,96;3,55;5846;6451;0; - ; - ;358;481;0
6280188;UBS CHACARA DO SOL;CAPELA DO SOCORRO;SUL;100;ESF_EXCLUSIVA;2,73;7,99;2278;657;833,97;3,47;485;561;0; - ; - ;0;0;0
6090591;UBS CHACARA SANTO AMARO;CAPELA DO SOCORRO;SUL;100;ESF_EXCLUSIVA;31,71;32,42;5097;1397;160,74;3,65;1691;1861;0; - ; - ;27;0;0
2787067;UBS GAIVOTAS;CAPELA DO SOCORRO;SUL;100;ESF_EXCLUSIVA;3,08;8,22;16578;4713;5375,49;3,52;3275;3536;0; - ; - ;0;0;0
2787369;UBS JARDIM ELIANE;CAPELA DO SOCORRO;SUL;100;ESF_EXCLUSIVA;2,61;10,75;31959;8965;12253,21;3,56;9525;10520;0; - ; - ;1279;0;46
9794751;UBS JARDIM LUCELIA;CAPELA DO SOCORRO;SUL;100;ESF_EXCLUSIVA;1,28;5,80;16805;4665;13100,13;3,60;4944;5381;7; - ; - ;206;0;0
6822991;UBS JARDIM NOVO HORIZONTE;CAPELA DO SOCORRO;SUL;100;ESF_EXCLUSIVA;3,82;10,54;15932;4431;4173,75;3,60;4603;5191;0; - ; - ;669;0;0
9059369;UBS JARDIM ORION GUANHEMBU;CAPELA DO SOCORRO;SUL;100;ESF_EXCLUSIVA;4,18;10,29;28642;8033;6852,94;3,57;7668;8351;0; - ; - ;693;0;0
2787709;UBS JARDIM REPUBLICA;CAPELA DO SOCORRO;SUL;0;TRADICIONAL;4,16;10,31;38452;11326;9242,59;3,40;11482;13015;573; - ; - ;2410;1132;130
2787903;UBS JARDIM TRES CORA€?ES;CAPELA DO SOCORRO;SUL;100;ESF_EXCLUSIVA;1,95;7,50;18650;5234;9572,32;3,56;6866;7665;1181; - ; - ;2615;0;0
2787997;UBS JORDANOPOLIS;CAPELA DO SOCORRO;SUL;100;ESF_EXCLUSIVA;0,52;3,62;11625;3367;22298,19;3,45;3157;3544;0; - ; - ;0;1965;0
2788403;UBS PARQUE RESIDENCIAL COCAIA INDEPENDENTE;CAPELA DO SOCORRO;SUL;100;ESF_EXCLUSIVA;2,07;7,54;31509;8924;15209,29;3,53;9197;10097;0; - ; - ;472;0;0
2788551;UBS SERGIO CHADDAD;CAPELA DO SOCORRO;SUL;0;TRADICIONAL;6,18;14,18;21996;6569;3561,14;3,35;7770;8789;0; - ; - ;337;978;0
9129855;UBS SHANGRILA ELLUS;CAPELA DO SOCORRO;SUL;100;ESF_EXCLUSIVA;2,90;7,54;6705;1853;2313,16;3,62;1745;1997;0; - ; - ;936;0;0
2789299;UBS VARGINHA;CAPELA DO SOCORRO;SUL;100;ESF_EXCLUSIVA;1,65;6,31;19827;5819;12030,23;3,41;6081;6873;0; - ; - ;2715;0;0
2789302;UBS VELEIROS;CAPELA DO SOCORRO;SUL;0;TRADICIONAL;12,34;16,46;37483;12335;3037,85;3,04;14655;17859;0; - ; - ;769;402;0
6998186;UBS VILA NATAL;CAPELA DO SOCORRO;SUL;100;ESF_EXCLUSIVA;1,19;5,89;22338;6190;18714,77;3,61;6796;7555;0; - ; - ;533;481;0
4050185;AMA/UBS INTEGRADA JARDIM ALFREDO;M BOI MIRIM;SUL;100;ESF_EXCLUSIVA;1,01;6,81;22466;7076;22333,06;3,18;8105;8653;1088; - ; - ;2161;78;15
2787245;AMA/UBS INTEGRADA JARDIM CAPELA;M BOI MIRIM;SUL;100;ESF_EXCLUSIVA;2,82;9,49;19466;5651;6913,24;3,44;5765;6384;0; - ; - ;1105;0;0
2815451;AMA/UBS INTEGRADA PARQUE FIGUEIRA GRANDE;M BOI MIRIM;SUL;100;ESF_EXCLUSIVA;0,89;5,40;18448;5655;20715,72;3,26;5942;6570;0; - ; - ;2475;253;0
2788365;AMA/UBS INTEGRADA PARQUE NOVO SANTO AMARO;M BOI MIRIM;SUL;100;ESF_EXCLUSIVA;1,26;8,25;14541;4388;11557,16;3,31;4994;5618;200; - ; - ;1139;367;0
2788454;AMA/UBS INTEGRADA PARQUE SANTO ANTONIO;M BOI MIRIM;SUL;100;ESF_EXCLUSIVA;1,63;7,90;41183;12352;25206,67;3,33;11913;13256;500; - ; - ;3716;4;0
2786737;UBS ALTO DA RIVIERA;M BOI MIRIM;SUL;100;ESF_EXCLUSIVA;1,11;6,22;13029;3807;11748,63;3,42;3950;4342;0; - ; - ;436;966;0
5313902;UBS BRASILIA - M BOI MIRIM;M BOI MIRIM;SUL;100;ESF_EXCLUSIVA;0,97;6,84;19683;5799;20226,78;3,39;6293;6895;704; - ; - ;1624;0;0
4050053;UBS CHACARA SANTANA;M BOI MIRIM;SUL;100;ESF_EXCLUSIVA;0,65;4,35;15534;4729;23977,45;3,28;4679;5151;0; - ; - ;981;109;0
3049213;UBS CHACARA STA MARIA;M BOI MIRIM;SUL;100;ESF_EXCLUSIVA;2,47;11,81;13484;3773;5456,47;3,57;5151;5842;0; - ; - ;2208;367;0
5743583;UBS CIDADE IPAVA;M BOI MIRIM;SUL;100;ESF_EXCLUSIVA;10,86;15,45;21729;6270;2000,20;3,47;6767;7767;0; - ; - ;0;0;0
2787105;UBS HORIZONTE AZUL;M BOI MIRIM;SUL;100;ESF_EXCLUSIVA;2,61;8,93;9774;2658;3741,94;3,68;2665;3115;0; - ; - ;678;0;100
2086816;UBS INTEGRAL JARDIM VERA CRUZ;M BOI MIRIM;SUL;100;ESF_EXCLUSIVA;2,37;8,79;20999;5957;8861,61;3,52;5806;6390;0; - ; - ;1119;0;0
2787199;UBS JARDIM ARACATI;M BOI MIRIM;SUL;100;ESF_EXCLUSIVA;1,55;6,86;11480;3205;7411,05;3,58;3309;3817;0; - ; - ;471;299;0
2086743;UBS JARDIM CAI€ARA;M BOI MIRIM;SUL;100;ESF_EXCLUSIVA;1,01;5,16;21844;6661;21567,57;3,28;7197;7987;0; - ; - ;2263;168;0
5079454;UBS JARDIM CELESTE;M BOI MIRIM;SUL;100;ESF_EXCLUSIVA;0,86;6,60;18165;5737;21119,50;3,17;6226;6999;0; - ; - ;1352;1;0
2787288;UBS JARDIM COIMBRA;M BOI MIRIM;SUL;100;ESF_EXCLUSIVA;1,13;5,99;22363;6797;19845,99;3,29;7550;8179;177; - ; - ;1476;14;0
2787423;UBS JARDIM GUARUJA;M BOI MIRIM;SUL;100;ESF_EXCLUSIVA;0,71;5,92;14999;4515;21238,26;3,32;4800;5333;0; - ; - ;1014;102;0
2787458;UBS JARDIM HERCULANO;M BOI MIRIM;SUL;100;ESF_EXCLUSIVA;11,51;20,63;24156;7133;2098,44;3,39;7311;7967;0; - ; - ;1533;1190;0
2787644;UBS JARDIM NAKAMURA;M BOI MIRIM;SUL;100;ESF_EXCLUSIVA;0,91;5,30;13618;4104;14977,71;3,32;4293;4717;0; - ; - ;524;22;0
3002543;UBS JARDIM PARANAPANEMA;M BOI MIRIM;SUL;100;ESF_EXCLUSIVA;0,53;3,80;18671;5462;35407,81;3,42;5824;6320;1605; - ; - ;4824;246;0
2825767;UBS JARDIM SANTA MARGARIDA;M BOI MIRIM;SUL;100;ESF_EXCLUSIVA;0,81;4,61;14369;4298;17791,79;3,34;4417;4778;0; - ; - ;589;622;0
4049861;UBS JARDIM SOUZA;M BOI MIRIM;SUL;100;ESF_EXCLUSIVA;4,11;10,32;26030;7960;6337,60;3,27;7330;8081;436; - ; - ;1763;642;0
4050118;UBS JARDIM THOMAS;M BOI MIRIM;SUL;100;ESF_EXCLUSIVA;0,84;5,42;19298;6005;23082,11;3,21;6362;7038;0; - ; - ;956;35;0
3661741;UBS NOVO CAMINHO;M BOI MIRIM;SUL;100;ESF_EXCLUSIVA;1,83;8,35;21014;6584;11469,33;3,19;5979;6649;0; - ; - ;2189;45;0
2788160;UBS NOVO JARDIM I;M BOI MIRIM;SUL;100;ESF_EXCLUSIVA;2,53;10,76;21184;6535;8388,79;3,24;6328;7216;0; - ; - ;1855;40;0
4050223;UBS PARQUE DO LAGO;M BOI MIRIM;SUL;100;ESF_EXCLUSIVA;1,86;7,33;8912;2655;4779,75;3,36;3060;3412;0; - ; - ;349;230;300
2788616;UBS SANTA LUCIA;M BOI MIRIM;SUL;100;ESF_EXCLUSIVA;1,12;6,27;19966;6142;17878,84;3,25;6557;7310;0; - ; - ;787;777;0
3762831;UBS VILA CALU;M BOI MIRIM;SUL;100;ESF_EXCLUSIVA;0,89;5,97;11466;3191;12920,87;3,59;3760;4105;0; - ; - ;1845;28;0
4049810;UBS VILA DAS BELEZAS - ALBERTO AMBROSIO;M BOI MIRIM;SUL;100;ESF_EXCLUSIVA;1,63;6,56;25817;8274;15874,85;3,12;8629;9723;0; - ; - ;961;63;0
2815273;UBS ZUMBI DOS PALMARES;M BOI MIRIM;SUL;100;ESF_EXCLUSIVA;0,79;7,52;17766;5471;22593,65;3,25;5343;5927;0; - ; - ;992;66;0
2787229;AMA/UBS INTEGRADA JARDIM CAMPINAS;PARELHEIROS;SUL;100;ESF_EXCLUSIVA;35,22;38,64;16153;4686;458,58;3,45;5287;5896;0; - ; - ;631;26;195
6332420;UBS BARRAGEM;PARELHEIROS;SUL;100;ESF_EXCLUSIVA;49,47;54,54;4561;1296;92,20;3,52;1399;1507;0; - ; - ;84;0;0
6018939;UBS COLONIA;PARELHEIROS;SUL;100;ESF_EXCLUSIVA;16,68;22,78;4270;1236;256,01;3,46;1171;1317;0; - ; - ;192;0;0
2786990;UBS DON LUCIANO BERGAMIM;PARELHEIROS;SUL;100;ESF_EXCLUSIVA;89,79;87,71;1211;364;13,49;3,33;342;366;0; - ; - ;0;0;0
6332439;UBS JARDIM DAS FONTES;PARELHEIROS;SUL;100;ESF_EXCLUSIVA;13,86;19,82;5614;1592;404,94;3,53;1688;1868;0; - ; - ;215;0;0
6018912;UBS JARDIM EMBURA;PARELHEIROS;SUL;100;ESF_EXCLUSIVA;37,55;42,27;4233;1182;112,72;3,58;973;1066;0; - ; - ;0;0;0
3689247;UBS JARDIM IPORA;PARELHEIROS;SUL;100;ESF_EXCLUSIVA;4,21;10,92;9885;2866;2350,57;3,45;3341;3769;0; - ; - ;666;0;5
6332447;UBS JARDIM SANTA FE;PARELHEIROS;SUL;100;ESF_EXCLUSIVA;2,61;9,46;9102;2558;3486,58;3,56;2801;3066;0; - ; - ;212;0;0
2787814;UBS JARDIM SAO NORBERTO;PARELHEIROS;SUL;100;ESF_EXCLUSIVA;7,11;15,08;8670;2426;1219,23;3,57;2346;2660;0; - ; - ;564;0;0
6332463;UBS JARDIM SILVEIRA;PARELHEIROS;SUL;100;ESF_EXCLUSIVA;6,13;11,37;3184;872;519,36;3,65;1032;1139;0; - ; - ;0;0;0
6332471;UBS MARSILAC;PARELHEIROS;SUL;100;ESF_EXCLUSIVA;55,65;36,97;1407;400;25,28;3,52;238;257;0; - ; - ;0;0;0
6332498;UBS NOVA AMERICA;PARELHEIROS;SUL;100;ESF_EXCLUSIVA;11,50;16,98;3268;896;284,12;3,65;948;1025;0; - ; - ;315;0;0
4050150;UBS PARELHEIROS;PARELHEIROS;SUL;100;ESF_EXCLUSIVA;17,17;27,60;18461;5154;1075,38;3,58;5955;6920;0; - ; - ;734;0;0
2027321;UBS RECANTO CAMPO BELO;PARELHEIROS;SUL;100;ESF_EXCLUSIVA;5,53;10,91;15504;4446;2803,04;3,49;4913;5456;0; - ; - ;332;0;0
2789280;UBS VARGEM GRANDE;PARELHEIROS;SUL;100;ESF_EXCLUSIVA;2,84;7,44;19675;5606;6931,00;3,51;6497;7119;0; - ; - ;0;0;0
3561186;UBS VERA POTY;PARELHEIROS;SUL;100;ESF_EXCLUSIVA;2,75;10,52;925;177;336,35;5,23;136;151;0; - ; - ;0;0;0
6332501;UBS VILA MARCELO;PARELHEIROS;SUL;100;ESF_EXCLUSIVA;2,47;8,16;4734;1353;1917,15;3,50;1281;1425;0; - ; - ;0;0;0
6332528;UBS VILA ROSCHEL;PARELHEIROS;SUL;100;ESF_EXCLUSIVA;3,88;11,87;6200;1727;1598,88;3,59;1787;1974;0; - ; - ;138;0;0
2787601;AMA/UBS INTEGRADA JARDIM MIRIAM - MANOEL SOARES DE OLIVEIRA;SANTO AMARO / CIDADE ADEMAR;SUL;0;TRADICIONAL;0,90;6,78;25079;7506;27979,80;3,34;8290;9148;0; - ; - ;1345;4;50
2788292;AMA/UBS INTEGRADA PARQUE DOROTEIA;SANTO AMARO / CIDADE ADEMAR;SUL;0;TRADICIONAL;1,85;10,00;20089;5806;10852,85;3,46;10368;11131;0; - ; - ;2256;0;0
5731143;AMA/UBS INTEGRADA VILA IMPERIO;SANTO AMARO / CIDADE ADEMAR;SUL;0;TRADICIONAL;0,59;7,92;9856;3028;16805,27;3,26;3247;3796;0; - ; - ;76;0;0
2751828;AMA/UBS INTEGRADA VILA JOANIZA;SANTO AMARO / CIDADE ADEMAR;SUL;0;TRADICIONAL;1,26;8,59;25189;7805;19953,91;3,23;8230;9522;0; - ; - ;1002;0;0
2789078;AMA/UBS INTEGRADA VILA MISSIONARIA;SANTO AMARO / CIDADE ADEMAR;SUL;0;TRADICIONAL;1,21;6,89;31998;9469;26353,06;3,38;9955;10913;0; - ; - ;2550;0;0
3452689;UBS CAMPO GRANDE;SANTO AMARO / CIDADE ADEMAR;SUL;0;TRADICIONAL;7,93;11,38;57474;19436;7244,72;2,96;25941;28354;31; - ; - ;362;65;0
2765993;UBS CHACARA SANTO ANTONIO - DR.MARCILIO DE ARRUDA PENTEADO *;SANTO AMARO / CIDADE ADEMAR;SUL;0;TRADICIONAL;7,84;13,67;39958;14429;5096,71;2,77;20172;24236;0; - ; - ;44;19;0
2786893;UBS CIDADE JULIA;SANTO AMARO / CIDADE ADEMAR;SUL;100;ESF_EXCLUSIVA;0,34;2,95;14264;4011;42340,67;3,56;4752;5047;0; - ; - ;2389;0;0
2787156;UBS JARDIM AEROPORTO - DR.MASSAKI UDIHARA;SANTO AMARO / CIDADE ADEMAR;SUL;0;TRADICIONAL;8,78;12,99;66168;24275;7535,71;2,73;34671;39336;38; - ; - ;1682;132;11
2787180;UBS JARDIM APURA;SANTO AMARO / CIDADE ADEMAR;SUL;100;ESF_EXCLUSIVA;3,44;11,15;9089;2645;2645,90;3,44;3592;4096;0; - ; - ;448;0;0
7128940;UBS JARDIM MIRIAM II - CIDADE ADEMAR;SANTO AMARO / CIDADE ADEMAR;SUL;0;TRADICIONAL;1,21;6,72;27481;8444;22697,47;3,25;9205;9970;0; - ; - ;1618;34;0
2787652;UBS JARDIM NITEROI;SANTO AMARO / CIDADE ADEMAR;SUL;100;ESF_EXCLUSIVA;0,67;4,69;16137;4759;23991,23;3,39;5443;5935;0; - ; - ;1148;0;0
7357761;UBS JARDIM PANTANAL - CIDADE ADEMAR;SANTO AMARO / CIDADE ADEMAR;SUL;100;ESF_EXCLUSIVA;0,69;4,91;19077;5528;27675,68;3,45;5507;6009;0; - ; - ;2037;0;0
3074544;UBS JARDIM SAO CARLOS - CIDADE ADEMAR;SANTO AMARO / CIDADE ADEMAR;SUL;100;ESF_EXCLUSIVA;0,49;4,34;15827;4574;32403,53;3,46;4740;5124;0; - ; - ;733;20;0
6683991;UBS JARDIM SELMA - CIDADE ADEMAR;SANTO AMARO / CIDADE ADEMAR;SUL;100;ESF_EXCLUSIVA;0,59;4,46;13565;3820;22846,84;3,55;4261;4725;0; - ; - ;1401;0;0
2787911;UBS JARDIM UMUARAMA;SANTO AMARO / CIDADE ADEMAR;SUL;0;TRADICIONAL;3,07;7,74;40154;13016;13064,43;3,09;16716;18531;102; - ; - ;856;1;0
2788039;UBS LARANJEIRAS;SANTO AMARO / CIDADE ADEMAR;SUL;100;ESF_EXCLUSIVA;1,43;7,68;14136;4143;9899,70;3,41;4799;5206;0; - ; - ;449;0;0
2766000;UBS MAR PAULISTA;SANTO AMARO / CIDADE ADEMAR;SUL;100;ESF_EXCLUSIVA;3,68;10,99;13571;4204;3687,83;3,23;5116;5727;0; - ; - ;712;0;0
2788098;UBS MATA VIRGEM;SANTO AMARO / CIDADE ADEMAR;SUL;100;ESF_EXCLUSIVA;4,79;15,41;15877;4560;3315,03;3,48;5200;5660;372; - ; - ;526;0;0
2788640;UBS SANTO AMARO - DR. SERGIO VILLACA BRAGA;SANTO AMARO / CIDADE ADEMAR;SUL;0;TRADICIONAL;8,10;16,96;31523;10902;3892,83;2,89;16823;20880;160; - ; - ;0;3;0
3996115;UBS SAO JORGE - CIDADE ADEMAR;SANTO AMARO / CIDADE ADEMAR;SUL;100;ESF_EXCLUSIVA;0,55;4,30;15649;4453;28329,48;3,51;4637;5110;0; - ; - ;1962;0;0
2788748;UBS VILA  ARRIETE - DECIO PACHECO PEDROSO;SANTO AMARO / CIDADE ADEMAR;SUL;0;TRADICIONAL;4,59;11,82;36296;12002;7914,47;3,02;17592;19049;100; - ; - ;383;4;0
2788705;UBS VILA APARECIDA;SANTO AMARO / CIDADE ADEMAR;SUL;100;ESF_EXCLUSIVA;0,82;5,09;14570;4448;17838,09;3,28;5200;5736;0; - ; - ;1236;0;0
2788799;UBS VILA CONSTANCIA - VICENTE OCTAVIO GUIDA;SANTO AMARO / CIDADE ADEMAR;SUL;0;TRADICIONAL;1,36;9,74;22408;6965;16508,14;3,22;7782;8572;160; - ; - ;1260;8;0
2788934;UBS VILA GUACURI;SANTO AMARO / CIDADE ADEMAR;SUL;100;ESF_EXCLUSIVA;0,74;5,01;16993;5001;22876,14;3,40;5227;5777;0; - ; - ;1015;0;0
2788977;UBS VILA IMPERIO II - DRA GILDA TERA TAHIRA;SANTO AMARO / CIDADE ADEMAR;SUL;100;ESF_EXCLUSIVA;0,98;6,75;25024;7440;25573,13;3,36;7517;8353;0; - ; - ;1097;0;0
